/*
SQLyog Ultimate v12.4.1 (64 bit)
MySQL - 10.1.19-MariaDB : Database - db_simb
*********************************************************************
*/

/*!40101 SET NAMES utf8 */;

/*!40101 SET SQL_MODE=''*/;

/*!40014 SET @OLD_UNIQUE_CHECKS=@@UNIQUE_CHECKS, UNIQUE_CHECKS=0 */;
/*!40014 SET @OLD_FOREIGN_KEY_CHECKS=@@FOREIGN_KEY_CHECKS, FOREIGN_KEY_CHECKS=0 */;
/*!40101 SET @OLD_SQL_MODE=@@SQL_MODE, SQL_MODE='NO_AUTO_VALUE_ON_ZERO' */;
/*!40111 SET @OLD_SQL_NOTES=@@SQL_NOTES, SQL_NOTES=0 */;
CREATE DATABASE /*!32312 IF NOT EXISTS*/`db_simb` /*!40100 DEFAULT CHARACTER SET latin1 */;

USE `db_simb`;

/*Table structure for table `content` */

DROP TABLE IF EXISTS `content`;

CREATE TABLE `content` (
  `id` int(11) NOT NULL AUTO_INCREMENT,
  `jenis` int(11) DEFAULT NULL COMMENT '0=slider; 1=profile;',
  `judul` varchar(255) DEFAULT NULL,
  `katakunci` varchar(255) DEFAULT NULL,
  `content` text,
  `flag_delete` tinyint(2) DEFAULT '0',
  `created_at` timestamp NOT NULL DEFAULT CURRENT_TIMESTAMP ON UPDATE CURRENT_TIMESTAMP,
  `updated_at` timestamp NOT NULL DEFAULT '0000-00-00 00:00:00',
  PRIMARY KEY (`id`)
) ENGINE=InnoDB AUTO_INCREMENT=11 DEFAULT CHARSET=latin1;

/*Data for the table `content` */

insert  into `content`(`id`,`jenis`,`judul`,`katakunci`,`content`,`flag_delete`,`created_at`,`updated_at`) values 
(1,1,'SITASI','LPPM STIKI INDONESIA','<p>&nbsp;SITASI merupakan sistem yang dapat melakukan pengajuan Penelitian, Pengabdian Dosen dan membantu proses yang terlibat didalamnya seperti progres pengajuan, mengelola data pengajuan, dll. sistem ini dibuat dengan tujuan meringankan pekerjaan ketua LPPM, mencegah hilangnya file karena virus atau bencana alam, dengan menggunakan tempat penyimpanan yang lebih terstruktur dan efektif seperti database, memperkecil kesalahan dalam penulisan nama dosen, dll.&nbsp; &nbsp;<br></p>',0,'2018-07-30 09:41:45','2018-07-30 09:41:45'),
(2,0,'SIMETRIS KARANGASEM','SISTEM INFORMASI REKOMENDASI TEKNIS RETRIBUSI IMB','protected/storage/quickcount/slider/content/10bf08f0bbd6689475be65b4ae441bd9/aac41d76ba895ab889e4f6cf3dafd6b8.jpg',0,'2018-09-13 13:38:00','2018-09-13 13:38:00'),
(4,1,'Penelitian','LPPM STIKI INDONESIA','<p>Peneitian dan pengembangan juga sangatlah penting bagi kemajuan perguruan tinggi,kesejahteraan masyarakat serta kemajuan bangsa dan negara.<br></p>',0,'2018-07-30 09:42:00','2018-07-30 09:42:00'),
(10,0,'SIMETRIS KARANGASEM','KARANGASEM THE SPIRIT OF BALI','protected/storage/quickcount/slider/content/10bf08f0bbd6689475be65b4ae441bd9/779304ae46b32f7fac25ea49318df073.jpg',0,'2018-09-13 13:38:14','2018-09-13 13:38:14');

/*Table structure for table `m_fungsi` */

DROP TABLE IF EXISTS `m_fungsi`;

CREATE TABLE `m_fungsi` (
  `id` int(11) NOT NULL AUTO_INCREMENT,
  `nama` varchar(255) DEFAULT NULL,
  `indeks` decimal(6,2) DEFAULT '0.00',
  `flag_delete` tinyint(2) DEFAULT '0',
  `created_at` timestamp NOT NULL DEFAULT CURRENT_TIMESTAMP ON UPDATE CURRENT_TIMESTAMP,
  `updated_at` timestamp NOT NULL DEFAULT '0000-00-00 00:00:00',
  PRIMARY KEY (`id`)
) ENGINE=InnoDB AUTO_INCREMENT=16 DEFAULT CHARSET=latin1;

/*Data for the table `m_fungsi` */

insert  into `m_fungsi`(`id`,`nama`,`indeks`,`flag_delete`,`created_at`,`updated_at`) values 
(1,'Hunian',0.50,0,'2018-09-08 15:16:25','2018-09-08 15:16:25'),
(2,'Keagamaan',0.00,0,'2018-09-07 13:29:39','0000-00-00 00:00:00'),
(3,'Usaha',3.00,0,'2018-09-07 13:29:42','0000-00-00 00:00:00'),
(4,'Sosial Budaya',0.00,0,'2018-09-07 13:29:47','0000-00-00 00:00:00'),
(5,'Khusus',2.00,0,'2018-09-07 13:29:57','0000-00-00 00:00:00'),
(6,'Ganda/Campuran',4.00,0,'2018-09-07 13:30:00','0000-00-00 00:00:00'),
(7,'Konstruksi Pembatas/Penahan/Pengaman',0.00,0,'2018-09-08 21:18:09','2018-09-08 12:33:27'),
(8,'Konstruksi Penanda Masuk Lokasi',0.00,0,'2018-09-08 21:19:52','0000-00-00 00:00:00'),
(9,'Konstruksi Perkerasan',0.00,0,'2018-09-08 21:18:32','0000-00-00 00:00:00'),
(10,'Konstruksi Penghubung',0.00,0,'2018-09-08 21:18:46','0000-00-00 00:00:00'),
(11,'Konstruksi Kolam/Reservoar Bawah Tanah',0.00,0,'2018-09-08 21:19:59','0000-00-00 00:00:00'),
(12,'Konstruksi Menara',0.00,0,'2018-09-08 21:19:12','0000-00-00 00:00:00'),
(13,'Konstruksi Monumen',0.00,0,'2018-09-08 21:19:18','0000-00-00 00:00:00'),
(14,'Konstruksi Instalasi/Gardu',0.00,0,'2018-09-08 21:19:35','0000-00-00 00:00:00'),
(15,'Konstruksi Reklame/Papan Nama',0.00,0,'2018-09-08 21:19:45','0000-00-00 00:00:00');

/*Table structure for table `m_harga_bangunan` */

DROP TABLE IF EXISTS `m_harga_bangunan`;

CREATE TABLE `m_harga_bangunan` (
  `id` int(11) NOT NULL AUTO_INCREMENT,
  `nama` varchar(255) DEFAULT NULL,
  `id_fungsi` int(11) DEFAULT NULL COMMENT 'm_fungsi',
  `id_klasifikasi` int(11) DEFAULT NULL COMMENT 'm_klasifikasi_bangunan',
  `is_bertingkat` tinyint(2) DEFAULT NULL COMMENT '0=tidak bertingkat; 1=bertingkat;',
  `is_bangunan_tambahan` tinyint(2) DEFAULT NULL COMMENT '0=Bangunan Utama; 1=Bangunan Pendukung',
  `harga` double DEFAULT '0',
  `flag_delete` tinyint(2) DEFAULT '0',
  `created_at` timestamp NOT NULL DEFAULT CURRENT_TIMESTAMP ON UPDATE CURRENT_TIMESTAMP,
  `updated_at` timestamp NOT NULL DEFAULT '0000-00-00 00:00:00',
  PRIMARY KEY (`id`)
) ENGINE=InnoDB AUTO_INCREMENT=311 DEFAULT CHARSET=latin1;

/*Data for the table `m_harga_bangunan` */

insert  into `m_harga_bangunan`(`id`,`nama`,`id_fungsi`,`id_klasifikasi`,`is_bertingkat`,`is_bangunan_tambahan`,`harga`,`flag_delete`,`created_at`,`updated_at`) values 
(1,'Rumah Tinggal',1,1,0,0,3000000,0,'2018-09-09 13:46:33','2018-09-09 13:46:33'),
(2,'Merajan/Pura',2,1,0,0,3500000,0,'2018-09-09 13:46:33','2018-09-09 13:46:33'),
(3,'Langgar/Mushola/Mesjid',2,1,0,0,3500000,0,'2018-09-09 13:46:33','2018-09-09 13:46:33'),
(4,'Katedral/Gereja',2,1,0,0,3500000,0,'2018-09-09 13:46:33','2018-09-09 13:46:33'),
(5,'Klenteng/ Vihara',2,1,0,0,3500000,0,'2018-09-09 13:46:33','2018-09-09 13:46:33'),
(6,'Kantor',3,1,0,0,3500000,0,'2018-09-09 13:46:33','2018-09-09 13:46:33'),
(7,'Pertokoan/Ruko/Rukan',3,1,0,0,3000000,0,'2018-09-09 13:46:33','2018-09-09 13:46:33'),
(8,'Pasar Modern',3,1,0,0,3000000,0,'2018-09-09 13:46:33','2018-09-09 13:46:33'),
(9,'Mall/Super Market',3,1,0,0,3500000,0,'2018-09-09 13:46:33','2018-09-09 13:46:33'),
(10,'Hotel/Villa/Penginapan, Dll',3,1,0,0,4500000,0,'2018-09-09 13:46:33','2018-09-09 13:46:33'),
(11,'Restourant/Rumah Makan/Caffee',3,1,0,0,3000000,0,'2018-09-09 13:46:33','2018-09-09 13:46:33'),
(12,'Warung/Kios',3,1,0,0,2700000,0,'2018-09-09 13:46:33','2018-09-09 13:46:33'),
(13,'Showroom/Bengkel',3,1,0,0,3000000,0,'2018-09-09 13:46:33','2018-09-09 13:46:33'),
(14,'Bangunan Olah Raga',4,1,0,0,4000000,0,'2018-09-09 13:46:33','2018-09-09 13:46:33'),
(15,'Bangunan Kesenian',4,1,0,0,4000000,0,'2018-09-09 13:46:33','2018-09-09 13:46:33'),
(16,'Bangunan Pasar Tradisional',4,1,0,0,3500000,0,'2018-09-09 13:46:33','2018-09-09 13:46:33'),
(17,'Bangunan Kesehatan',4,1,0,0,3500000,0,'2018-09-09 13:46:33','2018-09-09 13:46:33'),
(18,'Bangunan Pendidikan',4,1,0,0,3500000,0,'2018-09-09 13:46:33','2018-09-09 13:46:33'),
(19,'Bangunan Terminal',4,1,0,0,3000000,0,'2018-09-09 13:46:33','2018-09-09 13:46:33'),
(20,'Bangunan Panti Asuhan/Jompo',4,1,0,0,3000000,0,'2018-09-09 13:46:33','2018-09-09 13:46:33'),
(21,'Bangunan Adat',4,1,0,0,3500000,0,'2018-09-09 13:46:33','2018-09-09 13:46:33'),
(22,'Hotel & Tempat Rekreasi/Convention Center',6,1,0,0,4500000,0,'2018-09-09 13:46:33','2018-09-09 13:46:33'),
(23,'Shoping Center',6,1,0,0,4000000,0,'2018-09-09 13:46:33','2018-09-09 13:46:33'),
(24,'Sport Hall',6,1,0,0,4000000,0,'2018-09-09 13:46:33','2018-09-09 13:46:33'),
(25,'Bangunan Tempat Hiburan/Rekreasi',6,1,0,0,3500000,0,'2018-09-09 13:46:33','2018-09-09 13:46:33'),
(26,'Rumah Tinggal',1,2,0,0,2700000,0,'2018-09-09 13:46:33','2018-09-09 13:46:33'),
(27,'Merajan/Pura',2,2,0,0,3000000,0,'2018-09-09 13:46:33','2018-09-09 13:46:33'),
(28,'Langgar/Mushola/Mesjid',2,2,0,0,3000000,0,'2018-09-09 13:46:33','2018-09-09 13:46:33'),
(29,'Katedral/Gereja',2,2,0,0,3000000,0,'2018-09-09 13:46:33','2018-09-09 13:46:33'),
(30,'Klenteng/ Vihara',2,2,0,0,3000000,0,'2018-09-09 13:46:33','2018-09-09 13:46:33'),
(31,'Kantor',3,2,0,0,3000000,0,'2018-09-09 13:46:33','2018-09-09 13:46:33'),
(32,'Pertokoan/Ruko/Rukan',3,2,0,0,2500000,0,'2018-09-09 13:46:33','2018-09-09 13:46:33'),
(33,'Pasar Modern',3,2,0,0,2500000,0,'2018-09-09 13:46:33','2018-09-09 13:46:33'),
(34,'Mall/Super Market',3,2,0,0,3000000,0,'2018-09-09 13:46:33','2018-09-09 13:46:33'),
(35,'Hotel/Villa/Penginapan, Dll',3,2,0,0,4000000,0,'2018-09-09 13:46:33','2018-09-09 13:46:33'),
(36,'Restourant/Rumah Makan/Caffee',3,2,0,0,2700000,0,'2018-09-09 13:46:33','2018-09-09 13:46:33'),
(37,'Warung/Kios',3,2,0,0,2000000,0,'2018-09-09 13:46:33','2018-09-09 13:46:33'),
(38,'Showroom/Bengkel',3,2,0,0,2500000,0,'2018-09-09 13:46:33','2018-09-09 13:46:33'),
(39,'Bangunan Olah Raga',4,2,0,0,3500000,0,'2018-09-09 13:46:33','2018-09-09 13:46:33'),
(40,'Bangunan Kesenian',4,2,0,0,3500000,0,'2018-09-09 13:46:33','2018-09-09 13:46:33'),
(41,'Bangunan Pasar Tradisional',4,2,0,0,3000000,0,'2018-09-09 13:46:33','2018-09-09 13:46:33'),
(42,'Bangunan Kesehatan',4,2,0,0,3000000,0,'2018-09-09 13:46:33','2018-09-09 13:46:33'),
(43,'Bangunan Pendidikan',4,2,0,0,3000000,0,'2018-09-09 13:46:33','2018-09-09 13:46:33'),
(44,'Bangunan Terminal',4,2,0,0,2700000,0,'2018-09-09 13:46:33','2018-09-09 13:46:33'),
(45,'Bangunan Panti Asuhan/Jompo',4,2,0,0,2700000,0,'2018-09-09 13:46:33','2018-09-09 13:46:33'),
(46,'Bangunan Adat',4,2,0,0,3000000,0,'2018-09-09 13:46:33','2018-09-09 13:46:33'),
(47,'Hotel & Tempat Rekreasi/Convention Center',6,2,0,0,4000000,0,'2018-09-09 13:46:33','2018-09-09 13:46:33'),
(48,'Shoping Center',6,2,0,0,3500000,0,'2018-09-09 13:46:33','2018-09-09 13:46:33'),
(49,'Sport Hall',6,2,0,0,3500000,0,'2018-09-09 13:46:33','2018-09-09 13:46:33'),
(50,'Bangunan Tempat Hiburan/Rekreasi',6,2,0,0,3000000,0,'2018-09-09 13:46:33','2018-09-09 13:46:33'),
(51,'Rumah Tinggal',1,3,0,0,2000000,0,'2018-09-09 13:46:33','2018-09-09 13:46:33'),
(52,'Merajan/Pura',2,3,0,0,2500000,0,'2018-09-09 13:46:33','2018-09-09 13:46:33'),
(53,'Langgar/Mushola/Mesjid',2,3,0,0,2500000,0,'2018-09-09 13:46:33','2018-09-09 13:46:33'),
(54,'Katedral/Gereja',2,3,0,0,2500000,0,'2018-09-09 13:46:33','2018-09-09 13:46:33'),
(55,'Klenteng/ Vihara',2,3,0,0,2500000,0,'2018-09-09 13:46:33','2018-09-09 13:46:33'),
(56,'Kantor',3,3,0,0,2700000,0,'2018-09-09 13:46:33','2018-09-09 13:46:33'),
(57,'Pertokoan/Ruko/Rukan',3,3,0,0,2000000,0,'2018-09-09 13:46:33','2018-09-09 13:46:33'),
(58,'Pasar Modern',3,3,0,0,2000000,0,'2018-09-09 13:46:33','2018-09-09 13:46:33'),
(59,'Mall/Super Market',3,3,0,0,2500000,0,'2018-09-09 13:46:33','2018-09-09 13:46:33'),
(60,'Hotel/Villa/Penginapan, Dll',3,3,0,0,3500000,0,'2018-09-09 13:46:33','2018-09-09 13:46:33'),
(61,'Restourant/Rumah Makan/Caffee',3,3,0,0,2000000,0,'2018-09-09 13:46:33','2018-09-09 13:46:33'),
(62,'Warung/Kios',3,3,0,0,1700000,0,'2018-09-09 13:46:33','2018-09-09 13:46:33'),
(63,'Showroom/Bengkel',3,3,0,0,2000000,0,'2018-09-09 13:46:33','2018-09-09 13:46:33'),
(64,'Bangunan Olah Raga',4,3,0,0,2700000,0,'2018-09-09 13:46:33','2018-09-09 13:46:33'),
(65,'Bangunan Kesenian',4,3,0,0,3000000,0,'2018-09-09 13:46:33','2018-09-09 13:46:33'),
(66,'Bangunan Pasar Tradisional',4,3,0,0,2700000,0,'2018-09-09 13:46:33','2018-09-09 13:46:33'),
(67,'Bangunan Kesehatan',4,3,0,0,2700000,0,'2018-09-09 13:46:33','2018-09-09 13:46:33'),
(68,'Bangunan Pendidikan',4,3,0,0,2700000,0,'2018-09-09 13:46:33','2018-09-09 13:46:33'),
(69,'Bangunan Terminal',4,3,0,0,2250000,0,'2018-09-09 13:46:33','2018-09-09 13:46:33'),
(70,'Bangunan Panti Asuhan/Jompo',4,3,0,0,2000000,0,'2018-09-09 13:46:33','2018-09-09 13:46:33'),
(71,'Bangunan Adat',4,3,0,0,2700000,0,'2018-09-09 13:46:33','2018-09-09 13:46:33'),
(72,'Hotel & Tempat Rekreasi/Convention Center',6,3,0,0,3500000,0,'2018-09-09 13:46:33','2018-09-09 13:46:33'),
(73,'Shoping Center',6,3,0,0,3000000,0,'2018-09-09 13:46:33','2018-09-09 13:46:33'),
(74,'Sport Hall',6,3,0,0,3000000,0,'2018-09-09 13:46:33','2018-09-09 13:46:33'),
(75,'Bangunan Tempat Hiburan/Rekreasi',6,3,0,0,2700000,0,'2018-09-09 13:46:33','2018-09-09 13:46:33'),
(76,'Rumah Tinggal',1,4,0,0,1500000,0,'2018-09-09 13:46:33','2018-09-09 13:46:33'),
(77,'Merajan/Pura',2,4,0,0,0,0,'2018-09-09 13:46:33','2018-09-09 13:46:33'),
(78,'Langgar/Mushola/Mesjid',2,4,0,0,0,0,'2018-09-09 13:46:33','2018-09-09 13:46:33'),
(79,'Katedral/Gereja',2,4,0,0,0,0,'2018-09-09 13:46:33','2018-09-09 13:46:33'),
(80,'Klenteng/ Vihara',2,4,0,0,0,0,'2018-09-09 13:46:33','2018-09-09 13:46:33'),
(81,'Kantor',3,4,0,0,0,0,'2018-09-09 13:46:33','2018-09-09 13:46:33'),
(82,'Pertokoan/Ruko/Rukan',3,4,0,0,0,0,'2018-09-09 13:46:33','2018-09-09 13:46:33'),
(83,'Pasar Modern',3,4,0,0,0,0,'2018-09-09 13:46:33','2018-09-09 13:46:33'),
(84,'Mall/Super Market',3,4,0,0,0,0,'2018-09-09 13:46:33','2018-09-09 13:46:33'),
(85,'Hotel/Villa/Penginapan, Dll',3,4,0,0,0,0,'2018-09-09 13:46:33','2018-09-09 13:46:33'),
(86,'Restourant/Rumah Makan/Caffee',3,4,0,0,1500000,0,'2018-09-09 13:46:33','2018-09-09 13:46:33'),
(87,'Warung/Kios',3,4,0,0,1250000,0,'2018-09-09 13:46:33','2018-09-09 13:46:33'),
(88,'Showroom/Bengkel',3,4,0,0,1700000,0,'2018-09-09 13:46:33','2018-09-09 13:46:33'),
(89,'Bangunan Olah Raga',4,4,0,0,1500000,0,'2018-09-09 13:46:33','2018-09-09 13:46:33'),
(90,'Bangunan Kesenian',4,4,0,0,0,0,'2018-09-09 13:46:33','2018-09-09 13:46:33'),
(91,'Bangunan Pasar Tradisional',4,4,0,0,2000000,0,'2018-09-09 13:46:33','2018-09-09 13:46:33'),
(92,'Bangunan Kesehatan',4,4,0,0,0,0,'2018-09-09 13:46:33','2018-09-09 13:46:33'),
(93,'Bangunan Pendidikan',4,4,0,0,0,0,'2018-09-09 13:46:33','2018-09-09 13:46:33'),
(94,'Bangunan Terminal',4,4,0,0,0,0,'2018-09-09 13:46:33','2018-09-09 13:46:33'),
(95,'Bangunan Panti Asuhan/Jompo',4,4,0,0,1700000,0,'2018-09-09 13:46:33','2018-09-09 13:46:33'),
(96,'Bangunan Adat',4,4,0,0,1500000,0,'2018-09-09 13:46:33','2018-09-09 13:46:33'),
(97,'Hotel & Tempat Rekreasi/Convention Center',6,4,0,0,0,0,'2018-09-09 13:46:33','2018-09-09 13:46:33'),
(98,'Shoping Center',6,4,0,0,0,0,'2018-09-09 13:46:33','2018-09-09 13:46:33'),
(99,'Sport Hall',6,4,0,0,0,0,'2018-09-09 13:46:33','2018-09-09 13:46:33'),
(100,'Bangunan Tempat Hiburan/Rekreasi',6,4,0,0,2000000,0,'2018-09-09 13:46:33','2018-09-09 13:46:33'),
(101,'Rumah Tinggal',1,1,1,0,3500000,0,'2018-09-09 13:46:33','2018-09-09 13:46:33'),
(102,'Merajan/Pura',2,1,1,0,4000000,0,'2018-09-09 13:46:33','2018-09-09 13:46:33'),
(103,'Langgar/Mushola/Mesjid',2,1,1,0,4000000,0,'2018-09-09 13:46:33','2018-09-09 13:46:33'),
(104,'Katedral/Gereja',2,1,1,0,4000000,0,'2018-09-09 13:46:33','2018-09-09 13:46:33'),
(105,'Klenteng/ Vihara',2,1,1,0,4000000,0,'2018-09-09 13:46:33','2018-09-09 13:46:33'),
(106,'Kantor',3,1,1,0,4000000,0,'2018-09-09 13:46:33','2018-09-09 13:46:33'),
(107,'Pertokoan/Ruko/Rukan',3,1,1,0,3500000,0,'2018-09-09 13:46:33','2018-09-09 13:46:33'),
(108,'Pasar Modern',3,1,1,0,3500000,0,'2018-09-09 13:46:33','2018-09-09 13:46:33'),
(109,'Mall/Super Market',3,1,1,0,4000000,0,'2018-09-09 13:46:33','2018-09-09 13:46:33'),
(110,'Hotel/Villa/Penginapan, Dll',3,1,1,0,5000000,0,'2018-09-09 13:46:33','2018-09-09 13:46:33'),
(111,'Restourant/Rumah Makan/Caffee',3,1,1,0,3500000,0,'2018-09-09 13:46:33','2018-09-09 13:46:33'),
(112,'Warung/Kios',3,1,1,0,3000000,0,'2018-09-09 13:46:33','2018-09-09 13:46:33'),
(113,'Showroom/Bengkel',3,1,1,0,3500000,0,'2018-09-09 13:46:33','2018-09-09 13:46:33'),
(114,'Bangunan Olah Raga',4,1,1,0,4500000,0,'2018-09-09 13:46:33','2018-09-09 13:46:33'),
(115,'Bangunan Kesenian',4,1,1,0,4500000,0,'2018-09-09 13:46:33','2018-09-09 13:46:33'),
(116,'Bangunan Pasar Tradisional',4,1,1,0,4000000,0,'2018-09-09 13:46:33','2018-09-09 13:46:33'),
(117,'Bangunan Kesehatan',4,1,1,0,4000000,0,'2018-09-09 13:46:33','2018-09-09 13:46:33'),
(118,'Bangunan Pendidikan',4,1,1,0,4000000,0,'2018-09-09 13:46:33','2018-09-09 13:46:33'),
(119,'Bangunan Terminal',4,1,1,0,3500000,0,'2018-09-09 13:46:33','2018-09-09 13:46:33'),
(120,'Bangunan Panti Asuhan/Jompo',4,1,1,0,3500000,0,'2018-09-09 13:46:33','2018-09-09 13:46:33'),
(121,'Bangunan Adat',4,1,1,0,4000000,0,'2018-09-09 13:46:33','2018-09-09 13:46:33'),
(122,'Hotel & Tempat Rekreasi/Convention Center',6,1,1,0,5000000,0,'2018-09-09 13:46:33','2018-09-09 13:46:33'),
(123,'Shoping Center',6,1,1,0,4500000,0,'2018-09-09 13:46:33','2018-09-09 13:46:33'),
(124,'Sport Hall',6,1,1,0,4500000,0,'2018-09-09 13:46:33','2018-09-09 13:46:33'),
(125,'Bangunan Tempat Hiburan/Rekreasi',6,1,1,0,4000000,0,'2018-09-09 13:46:33','2018-09-09 13:46:33'),
(126,'Rumah Tinggal',1,2,1,0,3000000,0,'2018-09-09 13:46:33','2018-09-09 13:46:33'),
(127,'Merajan/Pura',2,2,1,0,3500000,0,'2018-09-09 13:46:33','2018-09-09 13:46:33'),
(128,'Langgar/Mushola/Mesjid',2,2,1,0,3500000,0,'2018-09-09 13:46:33','2018-09-09 13:46:33'),
(129,'Katedral/Gereja',2,2,1,0,3500000,0,'2018-09-09 13:46:33','2018-09-09 13:46:33'),
(130,'Klenteng/ Vihara',2,2,1,0,3500000,0,'2018-09-09 13:46:33','2018-09-09 13:46:33'),
(131,'Kantor',3,2,1,0,3500000,0,'2018-09-09 13:46:33','2018-09-09 13:46:33'),
(132,'Pertokoan/Ruko/Rukan',3,2,1,0,3000000,0,'2018-09-09 13:46:33','2018-09-09 13:46:33'),
(133,'Pasar Modern',3,2,1,0,3000000,0,'2018-09-09 13:46:33','2018-09-09 13:46:33'),
(134,'Mall/Super Market',3,2,1,0,3500000,0,'2018-09-09 13:46:33','2018-09-09 13:46:33'),
(135,'Hotel/Villa/Penginapan, Dll',3,2,1,0,4500000,0,'2018-09-09 13:46:33','2018-09-09 13:46:33'),
(136,'Restourant/Rumah Makan/Caffee',3,2,1,0,3000000,0,'2018-09-09 13:46:33','2018-09-09 13:46:33'),
(137,'Warung/Kios',3,2,1,0,2500000,0,'2018-09-09 13:46:33','2018-09-09 13:46:33'),
(138,'Showroom/Bengkel',3,2,1,0,3000000,0,'2018-09-09 13:46:33','2018-09-09 13:46:33'),
(139,'Bangunan Olah Raga',4,2,1,0,4000000,0,'2018-09-09 13:46:33','2018-09-09 13:46:33'),
(140,'Bangunan Kesenian',4,2,1,0,4000000,0,'2018-09-09 13:46:33','2018-09-09 13:46:33'),
(141,'Bangunan Pasar Tradisional',4,2,1,0,3500000,0,'2018-09-09 13:46:33','2018-09-09 13:46:33'),
(142,'Bangunan Kesehatan',4,2,1,0,3500000,0,'2018-09-09 13:46:33','2018-09-09 13:46:33'),
(143,'Bangunan Pendidikan',4,2,1,0,3500000,0,'2018-09-09 13:46:33','2018-09-09 13:46:33'),
(144,'Bangunan Terminal',4,2,1,0,3000000,0,'2018-09-09 13:46:33','2018-09-09 13:46:33'),
(145,'Bangunan Panti Asuhan/Jompo',4,2,1,0,3000000,0,'2018-09-09 13:46:33','2018-09-09 13:46:33'),
(146,'Bangunan Adat',4,2,1,0,3500000,0,'2018-09-09 13:46:33','2018-09-09 13:46:33'),
(147,'Hotel & Tempat Rekreasi/Convention Center',6,2,1,0,4500000,0,'2018-09-09 13:46:33','2018-09-09 13:46:33'),
(148,'Shoping Center',6,2,1,0,4000000,0,'2018-09-09 13:46:33','2018-09-09 13:46:33'),
(149,'Sport Hall',6,2,1,0,4000000,0,'2018-09-09 13:46:33','2018-09-09 13:46:33'),
(150,'Bangunan Tempat Hiburan/',6,2,1,0,3500000,0,'2018-09-09 13:46:33','2018-09-09 13:46:33'),
(151,'Rekreasi',6,2,1,0,0,0,'2018-09-09 13:46:33','2018-09-09 13:46:33'),
(152,'Rumah Tinggal',1,3,1,0,2700000,0,'2018-09-09 13:46:33','2018-09-09 13:46:33'),
(153,'Merajan/Pura',2,3,1,0,3000000,0,'2018-09-09 13:46:33','2018-09-09 13:46:33'),
(154,'Langgar/Mushola/Mesjid',2,3,1,0,3000000,0,'2018-09-09 13:46:33','2018-09-09 13:46:33'),
(155,'Katedral/Gereja',2,3,1,0,3000000,0,'2018-09-09 13:46:33','2018-09-09 13:46:33'),
(156,'Klenteng/ Vihara',2,3,1,0,3000000,0,'2018-09-09 13:46:33','2018-09-09 13:46:33'),
(157,'Kantor',3,3,1,0,3000000,0,'2018-09-09 13:46:33','2018-09-09 13:46:33'),
(158,'Pertokoan/Ruko/Rukan',3,3,1,0,2500000,0,'2018-09-09 13:46:33','2018-09-09 13:46:33'),
(159,'Pasar Modern',3,3,1,0,2500000,0,'2018-09-09 13:46:33','2018-09-09 13:46:33'),
(160,'Mall/Super Market',3,3,1,0,2700000,0,'2018-09-09 13:46:33','2018-09-09 13:46:33'),
(161,'Hotel/Villa/Penginapan, Dll',3,3,1,0,4000000,0,'2018-09-09 13:46:33','2018-09-09 13:46:33'),
(162,'Restourant/Rumah Makan/Caffee',3,3,1,0,2700000,0,'2018-09-09 13:46:33','2018-09-09 13:46:33'),
(163,'Warung/Kios',3,3,1,0,2000000,0,'2018-09-09 13:46:33','2018-09-09 13:46:33'),
(164,'Showroom/Bengkel',3,3,1,0,2500000,0,'2018-09-09 13:46:33','2018-09-09 13:46:33'),
(165,'Bangunan Olah Raga',4,3,1,0,3000000,0,'2018-09-09 13:46:33','2018-09-09 13:46:33'),
(166,'Bangunan Kesenian',4,3,1,0,3500000,0,'2018-09-09 13:46:33','2018-09-09 13:46:33'),
(167,'Bangunan Pasar Tradisional',4,3,1,0,3000000,0,'2018-09-09 13:46:33','2018-09-09 13:46:33'),
(168,'Bangunan Kesehatan',4,3,1,0,3000000,0,'2018-09-09 13:46:33','2018-09-09 13:46:33'),
(169,'Bangunan Pendidikan',4,3,1,0,3000000,0,'2018-09-09 13:46:33','2018-09-09 13:46:33'),
(170,'Bangunan Terminal',4,3,1,0,2700000,0,'2018-09-09 13:46:33','2018-09-09 13:46:33'),
(171,'Bangunan Panti Asuhan/Jompo',4,3,1,0,2700000,0,'2018-09-09 13:46:33','2018-09-09 13:46:33'),
(172,'Bangunan Adat',4,3,1,0,3000000,0,'2018-09-09 13:46:33','2018-09-09 13:46:33'),
(173,'Hotel & Tempat Rekreasi/Convention Center',6,3,1,0,4000000,0,'2018-09-09 13:46:33','2018-09-09 13:46:33'),
(174,'Shoping Center',6,3,1,0,3500000,0,'2018-09-09 13:46:33','2018-09-09 13:46:33'),
(175,'Sport Hall',6,3,1,0,3500000,0,'2018-09-09 13:46:33','2018-09-09 13:46:33'),
(176,'Bangunan Tempat Hiburan/',6,3,1,0,3000000,0,'2018-09-09 13:46:33','2018-09-09 13:46:33'),
(177,'Rekreasi',6,3,1,0,0,0,'2018-09-09 13:46:33','2018-09-09 13:46:33'),
(178,'Rumah Tinggal',1,4,1,0,0,0,'2018-09-09 13:46:33','2018-09-09 13:46:33'),
(179,'Merajan/Pura',2,4,1,0,0,0,'2018-09-09 13:46:33','2018-09-09 13:46:33'),
(180,'Langgar/Mushola/Mesjid',2,4,1,0,0,0,'2018-09-09 13:46:33','2018-09-09 13:46:33'),
(181,'Katedral/Gereja',2,4,1,0,0,0,'2018-09-09 13:46:33','2018-09-09 13:46:33'),
(182,'Klenteng/ Vihara',2,4,1,0,0,0,'2018-09-09 13:46:33','2018-09-09 13:46:33'),
(183,'Kantor',3,4,1,0,0,0,'2018-09-09 13:46:33','2018-09-09 13:46:33'),
(184,'Pertokoan/Ruko/Rukan',3,4,1,0,0,0,'2018-09-09 13:46:33','2018-09-09 13:46:33'),
(185,'Pasar Modern',3,4,1,0,0,0,'2018-09-09 13:46:33','2018-09-09 13:46:33'),
(186,'Mall/Super Market',3,4,1,0,0,0,'2018-09-09 13:46:33','2018-09-09 13:46:33'),
(187,'Hotel/Villa/Penginapan, Dll',3,4,1,0,0,0,'2018-09-09 13:46:33','2018-09-09 13:46:33'),
(188,'Restourant/Rumah Makan/Caffee',3,4,1,0,0,0,'2018-09-09 13:46:33','2018-09-09 13:46:33'),
(189,'Warung/Kios',3,4,1,0,0,0,'2018-09-09 13:46:33','2018-09-09 13:46:33'),
(190,'Showroom/Bengkel',3,4,1,0,0,0,'2018-09-09 13:46:33','2018-09-09 13:46:33'),
(191,'Bangunan Olah Raga',4,4,1,0,0,0,'2018-09-09 13:46:33','2018-09-09 13:46:33'),
(192,'Bangunan Kesenian',4,4,1,0,0,0,'2018-09-09 13:46:33','2018-09-09 13:46:33'),
(193,'Bangunan Pasar Tradisional',4,4,1,0,0,0,'2018-09-09 13:46:33','2018-09-09 13:46:33'),
(194,'Bangunan Kesehatan',4,4,1,0,0,0,'2018-09-09 13:46:33','2018-09-09 13:46:33'),
(195,'Bangunan Pendidikan',4,4,1,0,0,0,'2018-09-09 13:46:33','2018-09-09 13:46:33'),
(196,'Bangunan Terminal',4,4,1,0,0,0,'2018-09-09 13:46:33','2018-09-09 13:46:33'),
(197,'Bangunan Panti Asuhan/Jompo',4,4,1,0,0,0,'2018-09-09 13:46:33','2018-09-09 13:46:33'),
(198,'Bangunan Adat',4,4,1,0,0,0,'2018-09-09 13:46:33','2018-09-09 13:46:33'),
(199,'Hotel & Tempat Rekreasi/Convention Center',6,4,1,0,0,0,'2018-09-09 13:46:33','2018-09-09 13:46:33'),
(200,'Shoping Center',6,4,1,0,0,0,'2018-09-09 13:46:33','2018-09-09 13:46:33'),
(201,'Sport Hall',6,4,1,0,0,0,'2018-09-09 13:46:33','2018-09-09 13:46:33'),
(202,'Bangunan Tempat Hiburan/Rekreasi',6,4,1,0,0,0,'2018-09-09 13:46:33','2018-09-09 13:46:33'),
(203,'Pagar',7,5,0,1,450000,0,'2018-09-09 13:46:33','2018-09-09 13:46:33'),
(204,'Tanggul/Retaining Wall',7,5,0,1,500000,0,'2018-09-09 13:46:33','2018-09-09 13:46:33'),
(205,'Turap batas kavling/persil',7,5,0,1,500000,0,'2018-09-09 13:46:33','2018-09-09 13:46:33'),
(206,'Gapura (manusia/motor)',8,5,0,1,10000000,0,'2018-09-09 13:46:33','2018-09-09 13:46:33'),
(207,'Gerbang (mobil)',8,5,0,1,20000000,0,'2018-09-09 13:46:33','2018-09-09 13:46:33'),
(208,'Jalan',9,5,0,1,700000,0,'2018-09-09 13:46:33','2018-09-09 13:46:33'),
(209,'Lapangan Upacara',9,5,0,1,110000,0,'2018-09-09 13:46:33','2018-09-09 13:46:33'),
(210,'Lapangan Olah Raga Terbuka',9,5,0,1,110000,0,'2018-09-09 13:46:33','2018-09-09 13:46:33'),
(211,'Areal Parkir',9,5,0,1,125000,0,'2018-09-09 13:46:33','2018-09-09 13:46:33'),
(212,'Jembatan',10,5,0,1,4750000,0,'2018-09-09 13:46:33','2018-09-09 13:46:33'),
(213,'Box Culvert',10,5,0,1,3250000,0,'2018-09-09 13:46:33','2018-09-09 13:46:33'),
(214,'Plat Deuker',10,5,0,1,2500000,0,'2018-09-09 13:46:33','2018-09-09 13:46:33'),
(215,'Gorong-gorong',10,5,0,1,1250000,0,'2018-09-09 13:46:33','2018-09-09 13:46:33'),
(216,'Kolam Renang',11,5,0,1,1250000,0,'2018-09-09 13:46:33','2018-09-09 13:46:33'),
(217,'Kolam Pengolahan Air',11,5,0,1,450000,0,'2018-09-09 13:46:33','2018-09-09 13:46:33'),
(218,'Reservoir Bawah Tanah',11,5,0,1,750000,0,'2018-09-09 13:46:33','2018-09-09 13:46:33'),
(219,'Menara Antena',12,5,0,1,2750000,0,'2018-09-09 13:46:33','2018-09-09 13:46:33'),
(220,'Menara Air',12,5,0,1,2500000,0,'2018-09-09 13:46:33','2018-09-09 13:46:33'),
(221,'Cerobong',12,5,0,1,1750000,0,'2018-09-09 13:46:33','2018-09-09 13:46:33'),
(222,'Tugu',13,5,0,1,3000000,0,'2018-09-09 13:46:33','2018-09-09 13:46:33'),
(223,'Patung',13,5,0,1,4500000,0,'2018-09-09 13:46:33','2018-09-09 13:46:33'),
(224,'Gardu Listrik',14,5,0,1,3500000,0,'2018-09-09 13:46:33','2018-09-09 13:46:33'),
(225,'Gardu Telepon',14,5,0,1,4750000,0,'2018-09-09 13:46:33','2018-09-09 13:46:33'),
(226,'Instalasi Pengolahan',14,5,0,1,3500000,0,'2018-09-09 13:46:33','2018-09-09 13:46:33'),
(227,'Billboard',15,5,0,1,2500000,0,'2018-09-09 13:46:33','2018-09-09 13:46:33'),
(228,'Papan Iklan',15,5,0,1,1750000,0,'2018-09-09 13:46:33','2018-09-09 13:46:33'),
(229,'Papan Nama (Berdiri sendiri atau berupa tembok pagar)',15,5,0,1,2000000,0,'2018-09-09 13:46:33','2018-09-09 13:46:33'),
(230,'Pagar',7,6,0,1,150000,0,'2018-09-09 13:46:33','2018-09-09 13:46:33'),
(231,'Tanggul/Retaining Wall',7,6,0,1,175000,0,'2018-09-09 13:46:33','2018-09-09 13:46:33'),
(232,'Turap batas kavling/persil',7,6,0,1,175000,0,'2018-09-09 13:46:33','2018-09-09 13:46:33'),
(233,'Gapura (manusia/motor)',8,6,0,1,1500000,0,'2018-09-09 13:46:33','2018-09-09 13:46:33'),
(234,'Gerbang (mobil)',8,6,0,1,2500000,0,'2018-09-09 13:46:33','2018-09-09 13:46:33'),
(235,'Jalan',9,6,0,1,125000,0,'2018-09-09 13:46:33','2018-09-09 13:46:33'),
(236,'Lapangan Upacara',9,6,0,1,35000,0,'2018-09-09 13:46:33','2018-09-09 13:46:33'),
(237,'Lapangan Olah Raga Terbuka',9,6,0,1,35000,0,'2018-09-09 13:46:33','2018-09-09 13:46:33'),
(238,'Areal Parkir',9,6,0,1,40000,0,'2018-09-09 13:46:33','2018-09-09 13:46:33'),
(239,'Jembatan',10,6,0,1,1750000,0,'2018-09-09 13:46:33','2018-09-09 13:46:33'),
(240,'Box Culvert',10,6,0,1,850000,0,'2018-09-09 13:46:33','2018-09-09 13:46:33'),
(241,'Plat Deuker',10,6,0,1,350000,0,'2018-09-09 13:46:33','2018-09-09 13:46:33'),
(242,'Gorong-gorong',10,6,0,1,250000,0,'2018-09-09 13:46:33','2018-09-09 13:46:33'),
(243,'Kolam Renang',11,6,0,1,125000,0,'2018-09-09 13:46:33','2018-09-09 13:46:33'),
(244,'Kolam Pengolahan Air',11,6,0,1,75000,0,'2018-09-09 13:46:33','2018-09-09 13:46:33'),
(245,'Reservoir Bawah Tanah',11,6,0,1,150000,0,'2018-09-09 13:46:33','2018-09-09 13:46:33'),
(246,'Menara Antena',12,6,0,1,350000,0,'2018-09-09 13:46:33','2018-09-09 13:46:33'),
(247,'Menara Air',12,6,0,1,275000,0,'2018-09-09 13:46:33','2018-09-09 13:46:33'),
(248,'Cerobong',12,6,0,1,125000,0,'2018-09-09 13:46:33','2018-09-09 13:46:33'),
(249,'Tugu',13,6,0,1,300000,0,'2018-09-09 13:46:33','2018-09-09 13:46:33'),
(250,'Patung',13,6,0,1,450000,0,'2018-09-09 13:46:33','2018-09-09 13:46:33'),
(251,'Gardu Listrik',14,6,0,1,350000,0,'2018-09-09 13:46:33','2018-09-09 13:46:33'),
(252,'Gardu Telepon',14,6,0,1,300000,0,'2018-09-09 13:46:33','2018-09-09 13:46:33'),
(253,'Instalasi Pengolahan',14,6,0,1,350000,0,'2018-09-09 13:46:33','2018-09-09 13:46:33'),
(254,'Billboard',15,6,0,1,250000,0,'2018-09-09 13:46:33','2018-09-09 13:46:33'),
(255,'Papan Iklan',15,6,0,1,150000,0,'2018-09-09 13:46:33','2018-09-09 13:46:33'),
(256,'Papan Nama (Berdiri sendiri atau berupa tembok pagar)',15,6,0,1,150000,0,'2018-09-09 13:46:33','2018-09-09 13:46:33'),
(257,'Pagar',7,7,0,1,250000,0,'2018-09-09 13:46:33','2018-09-09 13:46:33'),
(258,'Tanggul/Retaining Wall',7,7,0,1,200000,0,'2018-09-09 13:46:33','2018-09-09 13:46:33'),
(259,'Turap batas kavling/persil',7,7,0,1,200000,0,'2018-09-09 13:46:33','2018-09-09 13:46:33'),
(260,'Gapura (manusia/motor)',8,7,0,1,2000000,0,'2018-09-09 13:46:33','2018-09-09 13:46:33'),
(261,'Gerbang (mobil)',8,7,0,1,3500000,0,'2018-09-09 13:46:33','2018-09-09 13:46:33'),
(262,'Jalan',9,7,0,1,200000,0,'2018-09-09 13:46:33','2018-09-09 13:46:33'),
(263,'Lapangan Upacara',9,7,0,1,55000,0,'2018-09-09 13:46:33','2018-09-09 13:46:33'),
(264,'Lapangan Olah Raga Terbuka',9,7,0,1,55000,0,'2018-09-09 13:46:33','2018-09-09 13:46:33'),
(265,'Areal Parkir',9,7,0,1,60000,0,'2018-09-09 13:46:33','2018-09-09 13:46:33'),
(266,'Jembatan',10,7,0,1,2500000,0,'2018-09-09 13:46:33','2018-09-09 13:46:33'),
(267,'Box Culvert',10,7,0,1,1250000,0,'2018-09-09 13:46:33','2018-09-09 13:46:33'),
(268,'Plat Deuker',10,7,0,1,500000,0,'2018-09-09 13:46:33','2018-09-09 13:46:33'),
(269,'Gorong-gorong',10,7,0,1,450000,0,'2018-09-09 13:46:33','2018-09-09 13:46:33'),
(270,'Kolam Renang',11,7,0,1,250000,0,'2018-09-09 13:46:33','2018-09-09 13:46:33'),
(271,'Kolam Pengolahan Air',11,7,0,1,125000,0,'2018-09-09 13:46:33','2018-09-09 13:46:33'),
(272,'Reservoir Bawah Tanah',11,7,0,1,250000,0,'2018-09-09 13:46:33','2018-09-09 13:46:33'),
(273,'Menara Antena',12,7,0,1,650000,0,'2018-09-09 13:46:33','2018-09-09 13:46:33'),
(274,'Menara Air',12,7,0,1,350000,0,'2018-09-09 13:46:33','2018-09-09 13:46:33'),
(275,'Cerobong',12,7,0,1,250000,0,'2018-09-09 13:46:33','2018-09-09 13:46:33'),
(276,'Tugu',13,7,0,1,450000,0,'2018-09-09 13:46:33','2018-09-09 13:46:33'),
(277,'Patung',13,7,0,1,700000,0,'2018-09-09 13:46:33','2018-09-09 13:46:33'),
(278,'Gardu Listrik',14,7,0,1,600000,0,'2018-09-09 13:46:33','2018-09-09 13:46:33'),
(279,'Gardu Telepon',14,7,0,1,500000,0,'2018-09-09 13:46:33','2018-09-09 13:46:33'),
(280,'Instalasi Pengolahan',14,7,0,1,600000,0,'2018-09-09 13:46:33','2018-09-09 13:46:33'),
(281,'Billboard',15,7,0,1,400000,0,'2018-09-09 13:46:33','2018-09-09 13:46:33'),
(282,'Papan Iklan',15,7,0,1,250000,0,'2018-09-09 13:46:33','2018-09-09 13:46:33'),
(283,'Papan Nama (Berdiri sendiri atau berupa tembok pagar)',15,7,0,1,300000,0,'2018-09-09 13:46:33','2018-09-09 13:46:33'),
(284,'Pagar',7,8,0,1,300000,0,'2018-09-09 13:46:33','2018-09-09 13:46:33'),
(285,'Tanggul/Retaining Wall',7,8,0,1,250000,0,'2018-09-09 13:46:33','2018-09-09 13:46:33'),
(286,'Turap batas kavling/persil',7,8,0,1,250000,0,'2018-09-09 13:46:33','2018-09-09 13:46:33'),
(287,'Gapura (manusia/motor)',8,8,0,1,3000000,0,'2018-09-09 13:46:33','2018-09-09 13:46:33'),
(288,'Gerbang (mobil)',8,8,0,1,4000000,0,'2018-09-09 13:46:33','2018-09-09 13:46:33'),
(289,'Jalan',9,8,0,1,300000,0,'2018-09-09 13:46:33','2018-09-09 13:46:33'),
(290,'Lapangan Upacara',9,8,0,1,75000,0,'2018-09-09 13:46:33','2018-09-09 13:46:33'),
(291,'Lapangan Olah Raga Terbuka',9,8,0,1,75000,0,'2018-09-09 13:46:33','2018-09-09 13:46:33'),
(292,'Areal Parkir',9,8,0,1,75000,0,'2018-09-09 13:46:33','2018-09-09 13:46:33'),
(293,'Jembatan',10,8,0,1,3000000,0,'2018-09-09 13:46:33','2018-09-09 13:46:33'),
(294,'Box Culvert',10,8,0,1,1750000,0,'2018-09-09 13:46:33','2018-09-09 13:46:33'),
(295,'Plat Deuker',10,8,0,1,750000,0,'2018-09-09 13:46:33','2018-09-09 13:46:33'),
(296,'Gorong-gorong',10,8,0,1,600000,0,'2018-09-09 13:46:33','2018-09-09 13:46:33'),
(297,'Kolam Renang',11,8,0,1,350000,0,'2018-09-09 13:46:33','2018-09-09 13:46:33'),
(298,'Kolam Pengolahan Air',11,8,0,1,200000,0,'2018-09-09 13:46:33','2018-09-09 13:46:33'),
(299,'Reservoir Bawah Tanah',11,8,0,1,400000,0,'2018-09-09 13:46:33','2018-09-09 13:46:33'),
(300,'Menara Antena',12,8,0,1,800000,0,'2018-09-09 13:46:33','2018-09-09 13:46:33'),
(301,'Menara Air',12,8,0,1,500000,0,'2018-09-09 13:46:33','2018-09-09 13:46:33'),
(302,'Cerobong',12,8,0,1,350000,0,'2018-09-09 13:46:33','2018-09-09 13:46:33'),
(303,'Tugu',13,8,0,1,650000,0,'2018-09-09 13:46:33','2018-09-09 13:46:33'),
(304,'Patung',13,8,0,1,950000,0,'2018-09-09 13:46:33','2018-09-09 13:46:33'),
(305,'Gardu Listrik',14,8,0,1,950000,0,'2018-09-09 13:46:33','2018-09-09 13:46:33'),
(306,'Gardu Telepon',14,8,0,1,850000,0,'2018-09-09 13:46:33','2018-09-09 13:46:33'),
(307,'Instalasi Pengolahan',14,8,0,1,950000,0,'2018-09-09 13:46:33','2018-09-09 13:46:33'),
(308,'Billboard',15,8,0,1,650000,0,'2018-09-09 13:46:33','2018-09-09 13:46:33'),
(309,'Papan Iklan',15,8,0,1,400000,0,'2018-09-09 13:46:33','2018-09-09 13:46:33'),
(310,'Papan Nama (Berdiri sendiri atau berupa tembok pagar)',15,8,0,1,450000,0,'2018-09-09 13:46:33','2018-09-09 13:46:33');

/*Table structure for table `m_jenis_imb` */

DROP TABLE IF EXISTS `m_jenis_imb`;

CREATE TABLE `m_jenis_imb` (
  `id` int(11) NOT NULL AUTO_INCREMENT,
  `nama` varchar(255) DEFAULT NULL,
  `indeks` decimal(6,2) DEFAULT '0.00',
  `flag_delete` tinyint(2) DEFAULT '0',
  `created_at` timestamp NOT NULL DEFAULT CURRENT_TIMESTAMP ON UPDATE CURRENT_TIMESTAMP,
  `updated_at` timestamp NOT NULL DEFAULT '0000-00-00 00:00:00',
  PRIMARY KEY (`id`)
) ENGINE=InnoDB AUTO_INCREMENT=7 DEFAULT CHARSET=latin1;

/*Data for the table `m_jenis_imb` */

insert  into `m_jenis_imb`(`id`,`nama`,`indeks`,`flag_delete`,`created_at`,`updated_at`) values 
(1,'IMB Pembangunan baru/penambahan',1.00,0,'2018-09-07 13:57:33','0000-00-00 00:00:00'),
(2,'IMB rehablitasi/renovasi berat',0.65,0,'2018-09-07 13:57:44','0000-00-00 00:00:00'),
(3,'IMB rehabilitasi/renovasi sedang',0.45,0,'2018-09-07 13:57:42','0000-00-00 00:00:00'),
(4,'IMB Pelestarian/pemugaran Pratama',0.65,0,'2018-09-10 15:57:43','0000-00-00 00:00:00'),
(5,'IMB Pelestarian/pemugaran Madya',0.45,0,'2018-09-10 15:57:49','0000-00-00 00:00:00'),
(6,'IMB Pelestarian/pemugaran Utama',0.30,0,'2018-09-10 15:57:53','0000-00-00 00:00:00');

/*Table structure for table `m_klasifikasi_bangunan` */

DROP TABLE IF EXISTS `m_klasifikasi_bangunan`;

CREATE TABLE `m_klasifikasi_bangunan` (
  `id` int(11) NOT NULL AUTO_INCREMENT,
  `nama` varchar(255) DEFAULT NULL,
  `is_bangunan_tambahan` tinyint(2) DEFAULT '0' COMMENT '0=Bangunan Utama; 1=bangunan pendukung;',
  `flag_delete` tinyint(2) DEFAULT '0',
  `created_at` timestamp NOT NULL DEFAULT CURRENT_TIMESTAMP ON UPDATE CURRENT_TIMESTAMP,
  `updated_at` timestamp NOT NULL DEFAULT '0000-00-00 00:00:00',
  PRIMARY KEY (`id`)
) ENGINE=InnoDB AUTO_INCREMENT=9 DEFAULT CHARSET=latin1;

/*Data for the table `m_klasifikasi_bangunan` */

insert  into `m_klasifikasi_bangunan`(`id`,`nama`,`is_bangunan_tambahan`,`flag_delete`,`created_at`,`updated_at`) values 
(1,'Mewah',0,0,'2018-09-07 13:37:52','0000-00-00 00:00:00'),
(2,'Bagus',0,0,'2018-09-07 13:37:52','0000-00-00 00:00:00'),
(3,'Standar',0,0,'2018-09-07 13:37:53','0000-00-00 00:00:00'),
(4,'Sederhana',0,0,'2018-09-07 13:37:54','0000-00-00 00:00:00'),
(5,'Baru',1,0,'2018-09-07 13:38:47','0000-00-00 00:00:00'),
(6,'Rehab Ringan',1,0,'2018-09-07 13:38:48','0000-00-00 00:00:00'),
(7,'Rehab Sedang',1,0,'2018-09-07 13:38:48','0000-00-00 00:00:00'),
(8,'Rehab Berat',1,0,'2018-09-07 13:38:49','0000-00-00 00:00:00');

/*Table structure for table `m_klasifikasi_parameter` */

DROP TABLE IF EXISTS `m_klasifikasi_parameter`;

CREATE TABLE `m_klasifikasi_parameter` (
  `id` int(11) NOT NULL AUTO_INCREMENT,
  `nama` varchar(255) DEFAULT NULL,
  `indeks` decimal(6,2) DEFAULT '0.00',
  `is_sum` tinyint(2) DEFAULT '0' COMMENT '0=tidak summary; 1=summary;',
  `is_jalan` tinyint(2) DEFAULT '0' COMMENT '0=bukan jalan; 1=jalan;',
  `is_waktu` tinyint(2) DEFAULT '0' COMMENT '0=bukan waktu; 1=waktu;',
  `flag_delete` tinyint(2) DEFAULT '0',
  `created_at` timestamp NOT NULL DEFAULT CURRENT_TIMESTAMP ON UPDATE CURRENT_TIMESTAMP,
  `updated_at` timestamp NOT NULL DEFAULT '0000-00-00 00:00:00',
  PRIMARY KEY (`id`)
) ENGINE=InnoDB AUTO_INCREMENT=10 DEFAULT CHARSET=latin1;

/*Data for the table `m_klasifikasi_parameter` */

insert  into `m_klasifikasi_parameter`(`id`,`nama`,`indeks`,`is_sum`,`is_jalan`,`is_waktu`,`flag_delete`,`created_at`,`updated_at`) values 
(1,'Kompleksitas',0.25,1,0,0,0,'2018-09-10 14:18:09','0000-00-00 00:00:00'),
(2,'Permanensi',0.20,1,0,0,0,'2018-09-10 14:18:08','0000-00-00 00:00:00'),
(3,'Resiko kebakaran',0.15,1,0,0,0,'2018-09-10 14:18:08','0000-00-00 00:00:00'),
(4,'Zona Gempa',0.15,1,0,0,0,'2018-09-10 14:18:07','0000-00-00 00:00:00'),
(5,'Lokasi (Kepadatan Bangunan Gedung)',0.10,1,0,0,0,'2018-09-10 14:18:07','0000-00-00 00:00:00'),
(6,'Ketinggian Bangunan Gedung',0.10,1,0,0,0,'2018-09-10 14:18:06','0000-00-00 00:00:00'),
(7,'Kepemilikan',0.05,1,0,0,0,'2018-09-10 14:18:06','0000-00-00 00:00:00'),
(8,'Waktu Penggunaan',1.00,0,0,1,0,'2018-09-10 14:28:49','0000-00-00 00:00:00'),
(9,'Indeks Jalan',1.00,0,1,0,0,'2018-09-10 14:28:52','0000-00-00 00:00:00');

/*Table structure for table `m_klasifikasi_parameter_detail` */

DROP TABLE IF EXISTS `m_klasifikasi_parameter_detail`;

CREATE TABLE `m_klasifikasi_parameter_detail` (
  `id` int(11) NOT NULL AUTO_INCREMENT,
  `id_klasifikasi_parameter` int(11) DEFAULT NULL COMMENT 'm_klasifikasi_parameter',
  `nama` varchar(255) DEFAULT NULL,
  `indeks` decimal(6,2) DEFAULT '0.00',
  `flag_delete` tinyint(2) DEFAULT '0',
  `created_at` timestamp NOT NULL DEFAULT CURRENT_TIMESTAMP ON UPDATE CURRENT_TIMESTAMP,
  `updated_at` timestamp NOT NULL DEFAULT '0000-00-00 00:00:00',
  PRIMARY KEY (`id`)
) ENGINE=InnoDB AUTO_INCREMENT=34 DEFAULT CHARSET=latin1;

/*Data for the table `m_klasifikasi_parameter_detail` */

insert  into `m_klasifikasi_parameter_detail`(`id`,`id_klasifikasi_parameter`,`nama`,`indeks`,`flag_delete`,`created_at`,`updated_at`) values 
(1,1,'Sederhana',0.40,0,'2018-09-10 14:07:33','0000-00-00 00:00:00'),
(2,1,'Tidak Sederhana',0.70,0,'2018-09-10 14:07:36','0000-00-00 00:00:00'),
(3,1,'Khusus',1.00,0,'2018-09-10 14:07:42','0000-00-00 00:00:00'),
(4,2,'Darurat',0.40,0,'2018-09-10 14:07:46','0000-00-00 00:00:00'),
(5,2,'Semi Permanen',0.70,0,'2018-09-10 14:07:50','0000-00-00 00:00:00'),
(6,2,'Permanen',1.00,0,'2018-09-10 14:07:51','0000-00-00 00:00:00'),
(7,3,'Rendah',0.40,0,'2018-09-10 14:07:53','0000-00-00 00:00:00'),
(8,3,'Sedang',0.70,0,'2018-09-10 14:08:07','0000-00-00 00:00:00'),
(9,3,'Tinggi',1.00,0,'2018-09-10 14:08:11','0000-00-00 00:00:00'),
(10,4,'Zona I/Minor',0.10,0,'2018-09-10 14:08:27','0000-00-00 00:00:00'),
(11,4,'Zona II/Minor',0.20,0,'2018-09-10 14:08:31','0000-00-00 00:00:00'),
(12,4,'Zona III/Sedang',0.40,0,'2018-09-10 14:08:33','0000-00-00 00:00:00'),
(13,5,'Renggang',0.40,0,'2018-09-10 14:09:03','0000-00-00 00:00:00'),
(14,5,'Sedang',0.70,0,'2018-09-10 14:09:06','0000-00-00 00:00:00'),
(15,5,'Padat',1.00,0,'2018-09-10 14:09:09','0000-00-00 00:00:00'),
(16,6,'Rendah',0.40,0,'2018-09-10 14:09:14','0000-00-00 00:00:00'),
(17,6,'Sedang',0.70,0,'2018-09-10 14:09:20','0000-00-00 00:00:00'),
(18,6,'Tinggi',1.00,0,'2018-09-10 14:09:23','0000-00-00 00:00:00'),
(19,7,'Negara/Yayasan',0.40,0,'2018-09-10 14:09:38','0000-00-00 00:00:00'),
(20,7,'Perorangan',0.70,0,'2018-09-10 14:09:43','0000-00-00 00:00:00'),
(21,7,'Badan Usaha Swasta',1.00,0,'2018-09-10 14:09:48','0000-00-00 00:00:00'),
(22,8,'SJ Pendek',0.40,0,'2018-09-10 14:09:57','0000-00-00 00:00:00'),
(23,8,'SJ Panjang',0.70,0,'2018-09-10 14:10:02','0000-00-00 00:00:00'),
(24,8,'Tetap',1.00,0,'2018-09-10 14:10:05','0000-00-00 00:00:00'),
(25,9,'Jl. Negara',0.40,0,'2018-09-10 14:10:12','0000-00-00 00:00:00'),
(26,9,'Jl. Propinsi',0.30,0,'2018-09-10 14:10:14','0000-00-00 00:00:00'),
(27,9,'Jl. Kabupaten',0.20,0,'2018-09-10 14:10:16','0000-00-00 00:00:00'),
(28,9,'Jl. Desa/Lingkungan',0.10,0,'2018-09-10 14:10:20','0000-00-00 00:00:00'),
(29,9,'Gang',0.20,0,'2018-09-10 14:10:27','0000-00-00 00:00:00'),
(31,4,'Zona IV/Sedang',0.50,0,'2018-09-10 14:08:41','0000-00-00 00:00:00'),
(32,4,'Zona V/Kuat',0.70,0,'2018-09-10 14:08:44','0000-00-00 00:00:00'),
(33,4,'Zona VI/Kuat',1.00,0,'2018-09-10 14:08:55','0000-00-00 00:00:00');

/*Table structure for table `m_persyaratan_teknis` */

DROP TABLE IF EXISTS `m_persyaratan_teknis`;

CREATE TABLE `m_persyaratan_teknis` (
  `id` int(11) NOT NULL AUTO_INCREMENT,
  `nama` varchar(255) DEFAULT NULL,
  `flag_delete` tinyint(2) DEFAULT '0',
  `created_at` timestamp NOT NULL DEFAULT CURRENT_TIMESTAMP ON UPDATE CURRENT_TIMESTAMP,
  `updated_at` timestamp NOT NULL DEFAULT '0000-00-00 00:00:00',
  PRIMARY KEY (`id`)
) ENGINE=InnoDB AUTO_INCREMENT=10 DEFAULT CHARSET=latin1;

/*Data for the table `m_persyaratan_teknis` */

insert  into `m_persyaratan_teknis`(`id`,`nama`,`flag_delete`,`created_at`,`updated_at`) values 
(1,'Tata Ruang Peruntukan',0,'2018-09-07 13:35:28','0000-00-00 00:00:00'),
(2,'Tata Ruang Jalur Hijau',0,'2018-09-07 13:35:38','0000-00-00 00:00:00'),
(3,'Sempadan Jalan',0,'2018-09-07 13:35:52','0000-00-00 00:00:00'),
(4,'Sempadan Sungai',0,'2018-09-07 13:36:16','0000-00-00 00:00:00'),
(5,'Sempadan Jurang',0,'2018-09-08 20:27:23','2018-09-08 14:31:35'),
(6,'Sempadan Pantai',0,'2018-09-08 20:27:18','0000-00-00 00:00:00'),
(7,'KDB/KLB Total',0,'2018-09-08 20:27:15','0000-00-00 00:00:00'),
(8,'Arsitektur Bangunan',0,'2018-09-08 20:27:08','0000-00-00 00:00:00'),
(9,'Struktur Bangunan',0,'2018-09-08 20:27:05','2018-09-08 14:31:35');

/*Table structure for table `m_status_pengajuan` */

DROP TABLE IF EXISTS `m_status_pengajuan`;

CREATE TABLE `m_status_pengajuan` (
  `id` int(11) NOT NULL AUTO_INCREMENT,
  `nama` varchar(255) DEFAULT NULL,
  `label` varchar(50) DEFAULT 'label label-default',
  `flag_delete` tinyint(2) DEFAULT '0',
  `created_at` timestamp NOT NULL DEFAULT CURRENT_TIMESTAMP ON UPDATE CURRENT_TIMESTAMP,
  `updated_at` timestamp NOT NULL DEFAULT '0000-00-00 00:00:00',
  PRIMARY KEY (`id`)
) ENGINE=InnoDB AUTO_INCREMENT=7 DEFAULT CHARSET=latin1;

/*Data for the table `m_status_pengajuan` */

insert  into `m_status_pengajuan`(`id`,`nama`,`label`,`flag_delete`,`created_at`,`updated_at`) values 
(1,'Pendaftaran','label label-info',0,'2018-09-08 17:43:14','0000-00-00 00:00:00'),
(2,'Sedang Survey','label label-warning',0,'2018-09-08 17:43:20','0000-00-00 00:00:00'),
(3,'Sudah Survey','label label-primary',0,'2018-09-10 11:08:49','0000-00-00 00:00:00'),
(4,'Survey Ulang','label label-warning',0,'2018-09-08 17:44:19','0000-00-00 00:00:00'),
(5,'Disetujui','label label-success',0,'2018-09-10 11:09:59','0000-00-00 00:00:00'),
(6,'Ditolak','label label-danger',0,'2018-09-08 17:44:11','0000-00-00 00:00:00');

/*Table structure for table `m_surveyor` */

DROP TABLE IF EXISTS `m_surveyor`;

CREATE TABLE `m_surveyor` (
  `id` int(11) NOT NULL AUTO_INCREMENT,
  `nip` varchar(255) DEFAULT NULL,
  `nama` varchar(255) DEFAULT NULL,
  `telp` varchar(14) DEFAULT NULL,
  `flag_delete` tinyint(2) DEFAULT NULL,
  `created_at` timestamp NOT NULL DEFAULT CURRENT_TIMESTAMP ON UPDATE CURRENT_TIMESTAMP,
  `updated_at` timestamp NOT NULL DEFAULT '0000-00-00 00:00:00',
  PRIMARY KEY (`id`)
) ENGINE=InnoDB AUTO_INCREMENT=6 DEFAULT CHARSET=latin1;

/*Data for the table `m_surveyor` */

insert  into `m_surveyor`(`id`,`nip`,`nama`,`telp`,`flag_delete`,`created_at`,`updated_at`) values 
(1,'627647','Lely Meilina','834959',0,'2018-09-08 13:21:04','2018-09-08 13:21:04'),
(2,NULL,'adipanca',NULL,1,'2018-09-08 13:17:02','2018-09-08 13:17:02'),
(3,NULL,'adipanca',NULL,1,'2018-09-08 13:17:11','2018-09-08 13:17:11'),
(4,'2948','adipanca','39',1,'2018-09-08 13:21:23','2018-09-08 13:21:23'),
(5,'3874','tes','38',0,'2018-09-08 13:21:19','2018-09-08 13:21:19');

/*Table structure for table `rbac_permission_role` */

DROP TABLE IF EXISTS `rbac_permission_role`;

CREATE TABLE `rbac_permission_role` (
  `id` int(10) unsigned NOT NULL AUTO_INCREMENT,
  `permission_id` int(11) NOT NULL,
  `role_id` int(11) NOT NULL,
  `created_at` timestamp NOT NULL DEFAULT '0000-00-00 00:00:00',
  `updated_at` timestamp NOT NULL DEFAULT '0000-00-00 00:00:00',
  PRIMARY KEY (`id`)
) ENGINE=InnoDB AUTO_INCREMENT=18 DEFAULT CHARSET=utf8 COLLATE=utf8_unicode_ci;

/*Data for the table `rbac_permission_role` */

insert  into `rbac_permission_role`(`id`,`permission_id`,`role_id`,`created_at`,`updated_at`) values 
(1,1,1,'0000-00-00 00:00:00','0000-00-00 00:00:00'),
(2,2,1,'0000-00-00 00:00:00','0000-00-00 00:00:00'),
(3,3,1,'0000-00-00 00:00:00','0000-00-00 00:00:00'),
(4,4,1,'0000-00-00 00:00:00','0000-00-00 00:00:00'),
(5,5,1,'0000-00-00 00:00:00','0000-00-00 00:00:00'),
(6,6,1,'0000-00-00 00:00:00','0000-00-00 00:00:00'),
(7,7,1,'0000-00-00 00:00:00','0000-00-00 00:00:00'),
(8,8,1,'0000-00-00 00:00:00','0000-00-00 00:00:00'),
(9,9,1,'0000-00-00 00:00:00','0000-00-00 00:00:00'),
(10,10,1,'0000-00-00 00:00:00','0000-00-00 00:00:00'),
(11,11,1,'0000-00-00 00:00:00','0000-00-00 00:00:00'),
(12,12,1,'0000-00-00 00:00:00','0000-00-00 00:00:00'),
(13,13,1,'0000-00-00 00:00:00','0000-00-00 00:00:00'),
(14,14,1,'0000-00-00 00:00:00','0000-00-00 00:00:00'),
(15,15,1,'0000-00-00 00:00:00','0000-00-00 00:00:00'),
(16,16,1,'0000-00-00 00:00:00','0000-00-00 00:00:00'),
(17,17,1,'0000-00-00 00:00:00','0000-00-00 00:00:00');

/*Table structure for table `rbac_permissions` */

DROP TABLE IF EXISTS `rbac_permissions`;

CREATE TABLE `rbac_permissions` (
  `id` int(10) unsigned NOT NULL AUTO_INCREMENT,
  `permission_title` varchar(255) COLLATE utf8_unicode_ci NOT NULL,
  `permission_slug` varchar(255) COLLATE utf8_unicode_ci NOT NULL,
  `icon` varchar(255) COLLATE utf8_unicode_ci DEFAULT NULL,
  `parent` int(11) DEFAULT NULL,
  `attribute` varchar(255) COLLATE utf8_unicode_ci DEFAULT NULL,
  `weight` int(11) DEFAULT NULL,
  `created_at` timestamp NOT NULL DEFAULT '0000-00-00 00:00:00',
  `updated_at` timestamp NOT NULL DEFAULT '0000-00-00 00:00:00',
  PRIMARY KEY (`id`)
) ENGINE=InnoDB AUTO_INCREMENT=18 DEFAULT CHARSET=utf8 COLLATE=utf8_unicode_ci;

/*Data for the table `rbac_permissions` */

insert  into `rbac_permissions`(`id`,`permission_title`,`permission_slug`,`icon`,`parent`,`attribute`,`weight`,`created_at`,`updated_at`) values 
(1,'Halaman Utama','admin','fa fa-home',0,'',1,'0000-00-00 00:00:00','0000-00-00 00:00:00'),
(2,'Master Data','#','fa fa-database',0,'',2,'0000-00-00 00:00:00','0000-00-00 00:00:00'),
(3,'User','admin/user','fa fa-user',2,'',3,'0000-00-00 00:00:00','0000-00-00 00:00:00'),
(4,'Fungsi Bangunan','admin/fungsi','fa fa-sliders',2,NULL,4,'0000-00-00 00:00:00','0000-00-00 00:00:00'),
(5,'Harga Bangunan','admin/hargabangunan','fa fa-money',2,NULL,5,'0000-00-00 00:00:00','0000-00-00 00:00:00'),
(6,'Klasifikasi Bangunan','admin/klasifikasibangunan','fa fa-bar-chart',2,NULL,6,'0000-00-00 00:00:00','0000-00-00 00:00:00'),
(7,'Klasifikasi Parameter','admin/klasifikasiparameter','fa fa-cubes',2,NULL,7,'0000-00-00 00:00:00','0000-00-00 00:00:00'),
(8,'Parameter Detail','admin/parameterdetail','fa fa-file',2,NULL,8,'0000-00-00 00:00:00','0000-00-00 00:00:00'),
(9,'Persyaratan Teknis','admin/persyaratanteknis','fa fa-file-o',2,NULL,9,'0000-00-00 00:00:00','0000-00-00 00:00:00'),
(10,'Status Pengajuan','admin/statuspengajuan','fa fa-eye',2,NULL,10,'0000-00-00 00:00:00','0000-00-00 00:00:00'),
(11,'Surveyor','admin/surveyor','fa fa-users',2,NULL,11,'0000-00-00 00:00:00','0000-00-00 00:00:00'),
(12,'Frontend','#','fa fa-globe',0,NULL,12,'0000-00-00 00:00:00','0000-00-00 00:00:00'),
(13,'Slider','admin/slider','fa fa-sliders',12,NULL,13,'0000-00-00 00:00:00','0000-00-00 00:00:00'),
(14,'Profile','admin/profile','fa fa-globe',12,NULL,14,'0000-00-00 00:00:00','0000-00-00 00:00:00'),
(15,'Jenis Imb','admin/jenisimb','fa fa-eye',2,NULL,15,'0000-00-00 00:00:00','0000-00-00 00:00:00'),
(16,'IMB','#','fa fa-send',0,'',16,'0000-00-00 00:00:00','0000-00-00 00:00:00'),
(17,'Data Pengajuan','admin/pengajuan','fa fa-star',16,NULL,17,'0000-00-00 00:00:00','0000-00-00 00:00:00');

/*Table structure for table `rbac_role_user` */

DROP TABLE IF EXISTS `rbac_role_user`;

CREATE TABLE `rbac_role_user` (
  `id` bigint(20) unsigned NOT NULL AUTO_INCREMENT,
  `role_id` varchar(255) COLLATE utf8_unicode_ci NOT NULL,
  `user_id` bigint(20) unsigned NOT NULL,
  `created_at` timestamp NOT NULL DEFAULT '0000-00-00 00:00:00',
  `updated_at` timestamp NOT NULL DEFAULT '0000-00-00 00:00:00',
  PRIMARY KEY (`id`)
) ENGINE=InnoDB AUTO_INCREMENT=2 DEFAULT CHARSET=utf8 COLLATE=utf8_unicode_ci;

/*Data for the table `rbac_role_user` */

insert  into `rbac_role_user`(`id`,`role_id`,`user_id`,`created_at`,`updated_at`) values 
(1,'1',11101420,'2018-06-05 16:06:15','2018-06-05 16:06:15');

/*Table structure for table `rbac_roles` */

DROP TABLE IF EXISTS `rbac_roles`;

CREATE TABLE `rbac_roles` (
  `id` int(10) unsigned NOT NULL AUTO_INCREMENT,
  `role_title` varchar(255) COLLATE utf8_unicode_ci NOT NULL,
  `role_slug` varchar(255) COLLATE utf8_unicode_ci NOT NULL,
  `created_at` timestamp NOT NULL DEFAULT '0000-00-00 00:00:00',
  `updated_at` timestamp NOT NULL DEFAULT '0000-00-00 00:00:00',
  PRIMARY KEY (`id`)
) ENGINE=InnoDB AUTO_INCREMENT=3 DEFAULT CHARSET=utf8 COLLATE=utf8_unicode_ci;

/*Data for the table `rbac_roles` */

insert  into `rbac_roles`(`id`,`role_title`,`role_slug`,`created_at`,`updated_at`) values 
(1,'Admin','','0000-00-00 00:00:00','0000-00-00 00:00:00'),
(2,'Dosen','','0000-00-00 00:00:00','0000-00-00 00:00:00');

/*Table structure for table `t_pengajuan` */

DROP TABLE IF EXISTS `t_pengajuan`;

CREATE TABLE `t_pengajuan` (
  `id` int(11) NOT NULL AUTO_INCREMENT,
  `no_registrasi` varchar(100) DEFAULT '0',
  `nik` varchar(255) DEFAULT NULL,
  `nama` varchar(255) DEFAULT NULL,
  `id_jenis_imb` int(11) DEFAULT NULL COMMENT 'm_jenis_imb',
  `id_harga_bangunan` int(11) DEFAULT NULL COMMENT 'm_harga_bangunan',
  `deskripsi_bangunan` varchar(255) DEFAULT NULL COMMENT 'deskripsi detail bangunan',
  `lokasi` text COMMENT 'alamat pendaftara pengajuan',
  `tahun` int(11) DEFAULT NULL,
  `luas` decimal(6,2) DEFAULT '0.00',
  `jumlah_biaya` double DEFAULT '0',
  `jumlah_biaya_prasarana` double DEFAULT '0',
  `id_surveyor_1` int(11) DEFAULT '0' COMMENT 'm_surveyor',
  `id_surveyor_2` int(11) DEFAULT '0' COMMENT 'm_surveyor',
  `id_status_pengajuan` int(11) DEFAULT '1' COMMENT 'm_status_pengajuan',
  `flag_delete` tinyint(4) DEFAULT '0',
  `created_at` timestamp NOT NULL DEFAULT CURRENT_TIMESTAMP ON UPDATE CURRENT_TIMESTAMP,
  `updated_at` timestamp NOT NULL DEFAULT '0000-00-00 00:00:00',
  PRIMARY KEY (`id`)
) ENGINE=InnoDB AUTO_INCREMENT=3 DEFAULT CHARSET=latin1;

/*Data for the table `t_pengajuan` */

insert  into `t_pengajuan`(`id`,`no_registrasi`,`nik`,`nama`,`id_jenis_imb`,`id_harga_bangunan`,`deskripsi_bangunan`,`lokasi`,`tahun`,`luas`,`jumlah_biaya`,`jumlah_biaya_prasarana`,`id_surveyor_1`,`id_surveyor_2`,`id_status_pengajuan`,`flag_delete`,`created_at`,`updated_at`) values 
(1,'2018010010001','5371992051300006','Adi Panca Saputra Iskandar',1,10,'Akomodasi Pariwisata Non Bintang (Villa)','Banjar Dinas Tebola, Desa Sidemen, Kecamatan Sidemen, Kabupaten Karangasem',2018,517.02,20939310,8253485,1,5,5,0,'2018-09-11 00:07:37','2018-09-11 00:07:37'),
(2,'2018010760001','576456777878','ghvbhbhj',1,76,'Rumah Tinggal Adat Bali','ubhdnfjhsdnjd hdjhsdnfjjndjkn nindfsdf',2018,512.00,307200,874800,5,1,5,0,'2018-09-11 11:07:35','2018-09-11 11:07:35');

/*Table structure for table `t_pengajuan_parameter` */

DROP TABLE IF EXISTS `t_pengajuan_parameter`;

CREATE TABLE `t_pengajuan_parameter` (
  `id` int(11) NOT NULL AUTO_INCREMENT,
  `no_registrasi` varchar(100) DEFAULT NULL,
  `id_pengajuan` int(11) DEFAULT NULL COMMENT 't_pengajuan',
  `id_klasifikasi_parameter` int(11) DEFAULT NULL COMMENT 'm_klasifikasi_parameter',
  `id_klasifikasi_parameter_detail` int(11) DEFAULT NULL COMMENT 'm_klasifikasi_parameter_detail',
  `keterangan` text,
  `created_at` timestamp NOT NULL DEFAULT CURRENT_TIMESTAMP ON UPDATE CURRENT_TIMESTAMP,
  `updated_at` timestamp NOT NULL DEFAULT '0000-00-00 00:00:00',
  PRIMARY KEY (`id`)
) ENGINE=InnoDB AUTO_INCREMENT=19 DEFAULT CHARSET=latin1;

/*Data for the table `t_pengajuan_parameter` */

insert  into `t_pengajuan_parameter`(`id`,`no_registrasi`,`id_pengajuan`,`id_klasifikasi_parameter`,`id_klasifikasi_parameter_detail`,`keterangan`,`created_at`,`updated_at`) values 
(1,'2018010010001',1,1,2,'Sesuai','2018-09-10 14:12:47','2018-09-10 14:12:47'),
(2,'2018010010001',1,2,6,'Sesuai','2018-09-10 14:12:47','2018-09-10 14:12:47'),
(3,'2018010010001',1,3,9,'Sesuai','2018-09-10 14:12:47','2018-09-10 14:12:47'),
(4,'2018010010001',1,4,31,'Sesuai','2018-09-10 14:12:47','2018-09-10 14:12:47'),
(5,'2018010010001',1,5,14,'Sesuai','2018-09-10 14:12:47','2018-09-10 14:12:47'),
(6,'2018010010001',1,6,16,'Sesuai','2018-09-10 14:12:47','2018-09-10 14:12:47'),
(7,'2018010010001',1,7,20,'Sesuai','2018-09-10 14:12:47','2018-09-10 14:12:47'),
(8,'2018010010001',1,8,24,'Sesuai','2018-09-10 14:12:47','2018-09-10 14:12:47'),
(9,'2018010010001',1,9,29,'Sesuai','2018-09-10 14:12:47','2018-09-10 14:12:47'),
(10,'2018010760001',2,1,1,'a','2018-09-11 11:06:49','2018-09-11 11:06:49'),
(11,'2018010760001',2,2,6,'a','2018-09-11 11:06:49','2018-09-11 11:06:49'),
(12,'2018010760001',2,3,9,'a','2018-09-11 11:06:49','2018-09-11 11:06:49'),
(13,'2018010760001',2,4,11,'a','2018-09-11 11:06:49','2018-09-11 11:06:49'),
(14,'2018010760001',2,5,13,'a','2018-09-11 11:06:49','2018-09-11 11:06:49'),
(15,'2018010760001',2,6,16,'a','2018-09-11 11:06:49','2018-09-11 11:06:49'),
(16,'2018010760001',2,7,20,'a','2018-09-11 11:06:49','2018-09-11 11:06:49'),
(17,'2018010760001',2,8,22,'a','2018-09-11 11:06:49','2018-09-11 11:06:49'),
(18,'2018010760001',2,9,29,'a','2018-09-11 11:06:49','2018-09-11 11:06:49');

/*Table structure for table `t_pengajuan_persyaratan` */

DROP TABLE IF EXISTS `t_pengajuan_persyaratan`;

CREATE TABLE `t_pengajuan_persyaratan` (
  `id` int(11) NOT NULL AUTO_INCREMENT,
  `no_registrasi` varchar(100) DEFAULT NULL,
  `id_pengajuan` int(11) DEFAULT NULL COMMENT 't_pengajuan',
  `id_persyaratan` int(11) DEFAULT NULL COMMENT 'm_persyaratan_teknis',
  `is_memenuhi` tinyint(2) DEFAULT NULL COMMENT '0=tidak memenuhi; 1=memenuhi;',
  `keterangan` text,
  `created_at` timestamp NOT NULL DEFAULT CURRENT_TIMESTAMP ON UPDATE CURRENT_TIMESTAMP,
  `updated_at` timestamp NOT NULL DEFAULT '0000-00-00 00:00:00',
  PRIMARY KEY (`id`)
) ENGINE=InnoDB AUTO_INCREMENT=19 DEFAULT CHARSET=latin1;

/*Data for the table `t_pengajuan_persyaratan` */

insert  into `t_pengajuan_persyaratan`(`id`,`no_registrasi`,`id_pengajuan`,`id_persyaratan`,`is_memenuhi`,`keterangan`,`created_at`,`updated_at`) values 
(1,'2018010010001',1,1,1,'Ijin Pemanfaatan Ruang No 92/KPPT/Tahun 2016  Tanggal 20 Juli 2016','2018-09-10 11:10:33','2018-09-10 11:10:33'),
(2,'2018010010001',1,2,1,'Bukan Jalur Hijau','2018-09-10 11:10:33','2018-09-10 11:10:33'),
(3,'2018010010001',1,3,1,'Sempadan Jalan 7,5 M Jarak Bangunan Ke As Jalan         50,65 M','2018-09-10 11:10:33','2018-09-10 11:10:33'),
(4,'2018010010001',1,4,0,'Tidak ada sungai','2018-09-10 11:10:33','2018-09-10 11:10:33'),
(5,'2018010010001',1,5,0,'Tidak ada jurang','2018-09-10 11:10:33','2018-09-10 11:10:33'),
(6,'2018010010001',1,6,0,'Tidak ada pantai','2018-09-10 11:10:33','2018-09-10 11:10:33'),
(7,'2018010010001',1,7,1,'KDB 19,16 % ( 590,50 M2 dari 3082 M2 )                                 \r\nKLB 40,36 % ( 1244,00 M2 dari 3082 M2 ) ','2018-09-10 11:10:33','2018-09-10 11:10:33'),
(8,'2018010010001',1,8,1,' Mencirikan Arsitektur Bali','2018-09-10 11:10:33','2018-09-10 11:10:33'),
(9,'2018010010001',1,9,1,'Memenuhi Syarat Tehnik Bangunan','2018-09-10 11:10:33','2018-09-10 11:10:33'),
(10,'2018010760001',2,1,1,'oke','2018-09-11 11:01:43','2018-09-11 11:01:43'),
(11,'2018010760001',2,2,1,'oke','2018-09-11 11:01:43','2018-09-11 11:01:43'),
(12,'2018010760001',2,3,1,'oke','2018-09-11 11:01:43','2018-09-11 11:01:43'),
(13,'2018010760001',2,4,0,'oke','2018-09-11 11:01:43','2018-09-11 11:01:43'),
(14,'2018010760001',2,5,1,'oke','2018-09-11 11:01:43','2018-09-11 11:01:43'),
(15,'2018010760001',2,6,0,'oke','2018-09-11 11:01:43','2018-09-11 11:01:43'),
(16,'2018010760001',2,7,1,'oke','2018-09-11 11:01:43','2018-09-11 11:01:43'),
(17,'2018010760001',2,8,1,'oke','2018-09-11 11:01:43','2018-09-11 11:01:43'),
(18,'2018010760001',2,9,1,'oke','2018-09-11 11:01:43','2018-09-11 11:01:43');

/*Table structure for table `t_pengajuan_prasarana` */

DROP TABLE IF EXISTS `t_pengajuan_prasarana`;

CREATE TABLE `t_pengajuan_prasarana` (
  `id` int(11) NOT NULL AUTO_INCREMENT,
  `no_registrasi` varchar(100) DEFAULT NULL,
  `id_pengajuan` int(11) DEFAULT NULL COMMENT 't_pengajuan',
  `nama` varchar(255) DEFAULT NULL COMMENT 'm_harga_bangunan',
  `id_fungsi` int(11) DEFAULT NULL COMMENT 'm_fungsi',
  `id_jenis_imb_prasarana` int(11) DEFAULT NULL COMMENT 'm_jenis_imb',
  `id_harga_bangunan` int(11) DEFAULT NULL COMMENT 'm_harga_bangunan',
  `volume` decimal(6,2) DEFAULT '0.00',
  `jumlah_biaya` double DEFAULT '0',
  `created_at` timestamp NOT NULL DEFAULT CURRENT_TIMESTAMP ON UPDATE CURRENT_TIMESTAMP,
  `updated_at` timestamp NOT NULL DEFAULT '0000-00-00 00:00:00',
  PRIMARY KEY (`id`)
) ENGINE=InnoDB AUTO_INCREMENT=55 DEFAULT CHARSET=latin1;

/*Data for the table `t_pengajuan_prasarana` */

insert  into `t_pengajuan_prasarana`(`id`,`no_registrasi`,`id_pengajuan`,`nama`,`id_fungsi`,`id_jenis_imb_prasarana`,`id_harga_bangunan`,`volume`,`jumlah_biaya`,`created_at`,`updated_at`) values 
(1,'2018010010001',1,'Pagar',7,1,203,235.63,2120670,'2018-09-11 00:25:24','2018-09-11 00:25:24'),
(2,'2018010010001',1,'Tanggul/Retaining Wall',7,0,0,0.00,0,'2018-09-11 00:25:24','2018-09-11 00:25:24'),
(3,'2018010010001',1,'Turap batas kavling/persil',7,0,0,0.00,0,'2018-09-11 00:25:24','2018-09-11 00:25:24'),
(4,'2018010010001',1,'Gapura (manusia/motor)',8,0,0,0.00,0,'2018-09-11 00:25:24','2018-09-11 00:25:24'),
(5,'2018010010001',1,'Gerbang (mobil)',8,1,207,1.00,400000,'2018-09-11 00:25:24','2018-09-11 00:25:24'),
(6,'2018010010001',1,'Jalan',9,1,208,57.21,800940,'2018-09-11 00:25:24','2018-09-11 00:25:24'),
(7,'2018010010001',1,'Lapangan Upacara',9,0,0,0.00,0,'2018-09-11 00:25:24','2018-09-11 00:25:24'),
(8,'2018010010001',1,'Lapangan Olah Raga Terbuka',9,0,0,0.00,0,'2018-09-11 00:25:24','2018-09-11 00:25:24'),
(9,'2018010010001',1,'Areal Parkir',9,1,211,121.55,303875,'2018-09-11 00:25:24','2018-09-11 00:25:24'),
(10,'2018010010001',1,'Jembatan',10,0,0,0.00,0,'2018-09-11 00:25:25','2018-09-11 00:25:25'),
(11,'2018010010001',1,'Box Culvert',10,0,0,0.00,0,'2018-09-11 00:25:25','2018-09-11 00:25:25'),
(12,'2018010010001',1,'Plat Deuker',10,0,0,0.00,0,'2018-09-11 00:25:25','2018-09-11 00:25:25'),
(13,'2018010010001',1,'Gorong-gorong',10,0,0,0.00,0,'2018-09-11 00:25:25','2018-09-11 00:25:25'),
(14,'2018010010001',1,'Kolam Renang',11,1,216,183.52,4588000,'2018-09-11 00:25:25','2018-09-11 00:25:25'),
(15,'2018010010001',1,'Kolam Pengolahan Air',11,0,0,0.00,0,'2018-09-11 00:25:25','2018-09-11 00:25:25'),
(16,'2018010010001',1,'Reservoir Bawah Tanah',11,0,0,0.00,0,'2018-09-11 00:25:25','2018-09-11 00:25:25'),
(17,'2018010010001',1,'Menara Antena',12,0,0,0.00,0,'2018-09-11 00:25:25','2018-09-11 00:25:25'),
(18,'2018010010001',1,'Menara Air',12,0,0,0.00,0,'2018-09-11 00:25:25','2018-09-11 00:25:25'),
(19,'2018010010001',1,'Cerobong',12,0,0,0.00,0,'2018-09-11 00:25:25','2018-09-11 00:25:25'),
(20,'2018010010001',1,'Tugu',13,0,0,0.00,0,'2018-09-11 00:25:25','2018-09-11 00:25:25'),
(21,'2018010010001',1,'Patung',13,0,0,0.00,0,'2018-09-11 00:25:25','2018-09-11 00:25:25'),
(22,'2018010010001',1,'Gardu Listrik',14,0,0,0.00,0,'2018-09-11 00:25:25','2018-09-11 00:25:25'),
(23,'2018010010001',1,'Gardu Telepon',14,0,0,0.00,0,'2018-09-11 00:25:25','2018-09-11 00:25:25'),
(24,'2018010010001',1,'Instalasi Pengolahan',14,0,0,0.00,0,'2018-09-11 00:25:25','2018-09-11 00:25:25'),
(25,'2018010010001',1,'Billboard',15,0,0,0.00,0,'2018-09-11 00:25:25','2018-09-11 00:25:25'),
(26,'2018010010001',1,'Papan Iklan',15,0,0,0.00,0,'2018-09-11 00:25:25','2018-09-11 00:25:25'),
(27,'2018010010001',1,'Papan Nama (Berdiri sendiri atau berupa tembok pagar)',15,1,229,1.00,40000,'2018-09-11 00:25:25','2018-09-11 00:25:25'),
(28,'2018010760001',2,'Pagar',7,3,203,216.00,874800,'2018-09-11 11:07:34','2018-09-11 11:07:34'),
(29,'2018010760001',2,'Tanggul/Retaining Wall',7,0,0,0.00,0,'2018-09-11 11:07:34','2018-09-11 11:07:34'),
(30,'2018010760001',2,'Turap batas kavling/persil',7,0,0,0.00,0,'2018-09-11 11:07:34','2018-09-11 11:07:34'),
(31,'2018010760001',2,'Gapura (manusia/motor)',8,0,0,0.00,0,'2018-09-11 11:07:34','2018-09-11 11:07:34'),
(32,'2018010760001',2,'Gerbang (mobil)',8,0,0,0.00,0,'2018-09-11 11:07:35','2018-09-11 11:07:35'),
(33,'2018010760001',2,'Jalan',9,0,0,0.00,0,'2018-09-11 11:07:35','2018-09-11 11:07:35'),
(34,'2018010760001',2,'Lapangan Upacara',9,0,0,0.00,0,'2018-09-11 11:07:35','2018-09-11 11:07:35'),
(35,'2018010760001',2,'Lapangan Olah Raga Terbuka',9,0,0,0.00,0,'2018-09-11 11:07:35','2018-09-11 11:07:35'),
(36,'2018010760001',2,'Areal Parkir',9,0,0,0.00,0,'2018-09-11 11:07:35','2018-09-11 11:07:35'),
(37,'2018010760001',2,'Jembatan',10,0,0,0.00,0,'2018-09-11 11:07:35','2018-09-11 11:07:35'),
(38,'2018010760001',2,'Box Culvert',10,0,0,0.00,0,'2018-09-11 11:07:35','2018-09-11 11:07:35'),
(39,'2018010760001',2,'Plat Deuker',10,0,0,0.00,0,'2018-09-11 11:07:35','2018-09-11 11:07:35'),
(40,'2018010760001',2,'Gorong-gorong',10,0,0,0.00,0,'2018-09-11 11:07:35','2018-09-11 11:07:35'),
(41,'2018010760001',2,'Kolam Renang',11,0,0,0.00,0,'2018-09-11 11:07:35','2018-09-11 11:07:35'),
(42,'2018010760001',2,'Kolam Pengolahan Air',11,0,0,0.00,0,'2018-09-11 11:07:35','2018-09-11 11:07:35'),
(43,'2018010760001',2,'Reservoir Bawah Tanah',11,0,0,0.00,0,'2018-09-11 11:07:35','2018-09-11 11:07:35'),
(44,'2018010760001',2,'Menara Antena',12,0,0,0.00,0,'2018-09-11 11:07:35','2018-09-11 11:07:35'),
(45,'2018010760001',2,'Menara Air',12,0,0,0.00,0,'2018-09-11 11:07:35','2018-09-11 11:07:35'),
(46,'2018010760001',2,'Cerobong',12,0,0,0.00,0,'2018-09-11 11:07:35','2018-09-11 11:07:35'),
(47,'2018010760001',2,'Tugu',13,0,0,0.00,0,'2018-09-11 11:07:35','2018-09-11 11:07:35'),
(48,'2018010760001',2,'Patung',13,0,0,0.00,0,'2018-09-11 11:07:35','2018-09-11 11:07:35'),
(49,'2018010760001',2,'Gardu Listrik',14,0,0,0.00,0,'2018-09-11 11:07:35','2018-09-11 11:07:35'),
(50,'2018010760001',2,'Gardu Telepon',14,0,0,0.00,0,'2018-09-11 11:07:35','2018-09-11 11:07:35'),
(51,'2018010760001',2,'Instalasi Pengolahan',14,0,0,0.00,0,'2018-09-11 11:07:35','2018-09-11 11:07:35'),
(52,'2018010760001',2,'Billboard',15,0,0,0.00,0,'2018-09-11 11:07:35','2018-09-11 11:07:35'),
(53,'2018010760001',2,'Papan Iklan',15,0,0,0.00,0,'2018-09-11 11:07:35','2018-09-11 11:07:35'),
(54,'2018010760001',2,'Papan Nama (Berdiri sendiri atau berupa tembok pagar)',15,0,0,0.00,0,'2018-09-11 11:07:35','2018-09-11 11:07:35');

/*Table structure for table `users` */

DROP TABLE IF EXISTS `users`;

CREATE TABLE `users` (
  `id` int(10) unsigned NOT NULL AUTO_INCREMENT,
  `name` varchar(255) COLLATE utf8_unicode_ci NOT NULL,
  `email` varchar(255) COLLATE utf8_unicode_ci NOT NULL,
  `identifier` varchar(255) COLLATE utf8_unicode_ci DEFAULT NULL,
  `username` varchar(255) COLLATE utf8_unicode_ci DEFAULT NULL,
  `password` varchar(255) COLLATE utf8_unicode_ci NOT NULL,
  `foto` varchar(255) COLLATE utf8_unicode_ci DEFAULT NULL,
  `telp` varchar(14) COLLATE utf8_unicode_ci DEFAULT NULL,
  `remember_token` varchar(100) COLLATE utf8_unicode_ci DEFAULT NULL,
  `created_at` timestamp NULL DEFAULT NULL,
  `updated_at` timestamp NULL DEFAULT NULL,
  PRIMARY KEY (`id`),
  UNIQUE KEY `users_email_unique` (`email`),
  UNIQUE KEY `users_username_unique` (`username`)
) ENGINE=MyISAM AUTO_INCREMENT=165 DEFAULT CHARSET=utf8 COLLATE=utf8_unicode_ci;

/*Data for the table `users` */

insert  into `users`(`id`,`name`,`email`,`identifier`,`username`,`password`,`foto`,`telp`,`remember_token`,`created_at`,`updated_at`) values 
(1,'Adi Panca Saputra Iskandar, S.Kom., M.T.','adipancaiskandar@gmail.com','11101420','11101420','$2y$10$F7Z3.hvsjqj.d5.JnEJmGeTV6TCimVaurXAPeBnr7pRKwnARMu9Ou','protected/storage/foto/11101420.jpeg',NULL,'OcZcJkYokwXynKCKOumW5wIkcQDTF4KLpsqk63RTrFpgqsuEJ9CXe5PRiqsr','2018-06-05 16:06:15','2018-09-13 13:48:20');

/*Table structure for table `x` */

DROP TABLE IF EXISTS `x`;

CREATE TABLE `x` (
  `id_fungsi` varchar(255) DEFAULT NULL,
  `nama` varchar(255) DEFAULT NULL,
  `id_klasifikasi` varchar(255) DEFAULT NULL,
  `is_bertingkat` varchar(255) DEFAULT NULL,
  `harga` varchar(255) DEFAULT NULL
) ENGINE=InnoDB DEFAULT CHARSET=latin1;

/*Data for the table `x` */

insert  into `x`(`id_fungsi`,`nama`,`id_klasifikasi`,`is_bertingkat`,`harga`) values 
('1','Rumah Tinggal','1','0','3000000'),
('2','Merajan/Pura','1','0','3500000'),
('2','Langgar/Mushola/Mesjid','1','0','3500000'),
('2','Katedral/Gereja','1','0','3500000'),
('2','Klenteng/ Vihara','1','0','3500000'),
('3','Kantor','1','0','3500000'),
('3','Pertokoan/Ruko/Rukan','1','0','3000000'),
('3','Pasar Modern','1','0','3000000'),
('3','Mall/Super Market','1','0','3500000'),
('3','Hotel/Villa/Penginapan, Dll','1','0','4500000'),
('3','Restourant/Rumah Makan/Caffee','1','0','3000000'),
('3','Warung/Kios','1','0','2700000'),
('3','Showroom/Bengkel','1','0','3000000'),
('4','Bangunan Olah Raga','1','0','4000000'),
('4','Bangunan Kesenian','1','0','4000000'),
('4','Bangunan Pasar Tradisional','1','0','3500000'),
('4','Bangunan Kesehatan','1','0','3500000'),
('4','Bangunan Pendidikan','1','0','3500000'),
('4','Bangunan Terminal','1','0','3000000'),
('4','Bangunan Panti Asuhan/Jompo','1','0','3000000'),
('4','Bangunan Adat','1','0','3500000'),
('6','Hotel & Tempat Rekreasi/Convention Center','1','0','4500000'),
('6','Shoping Center','1','0','4000000'),
('6','Sport Hall','1','0','4000000'),
('6','Bangunan Tempat Hiburan/Rekreasi','1','0','3500000'),
('1','Rumah Tinggal','2','0','2700000'),
('2','Merajan/Pura','2','0','3000000'),
('2','Langgar/Mushola/Mesjid','2','0','3000000'),
('2','Katedral/Gereja','2','0','3000000'),
('2','Klenteng/ Vihara','2','0','3000000'),
('3','Kantor','2','0','3000000'),
('3','Pertokoan/Ruko/Rukan','2','0','2500000'),
('3','Pasar Modern','2','0','2500000'),
('3','Mall/Super Market','2','0','3000000'),
('3','Hotel/Villa/Penginapan, Dll','2','0','4000000'),
('3','Restourant/Rumah Makan/Caffee','2','0','2700000'),
('3','Warung/Kios','2','0','2000000'),
('3','Showroom/Bengkel','2','0','2500000'),
('4','Bangunan Olah Raga','2','0','3500000'),
('4','Bangunan Kesenian','2','0','3500000'),
('4','Bangunan Pasar Tradisional','2','0','3000000'),
('4','Bangunan Kesehatan','2','0','3000000'),
('4','Bangunan Pendidikan','2','0','3000000'),
('4','Bangunan Terminal','2','0','2700000'),
('4','Bangunan Panti Asuhan/Jompo','2','0','2700000'),
('4','Bangunan Adat','2','0','3000000'),
('6','Hotel & Tempat Rekreasi/Convention Center','2','0','4000000'),
('6','Shoping Center','2','0','3500000'),
('6','Sport Hall','2','0','3500000'),
('6','Bangunan Tempat Hiburan/Rekreasi','2','0','3000000'),
('1','Rumah Tinggal','3','0','2000000'),
('2','Merajan/Pura','3','0','2500000'),
('2','Langgar/Mushola/Mesjid','3','0','2500000'),
('2','Katedral/Gereja','3','0','2500000'),
('2','Klenteng/ Vihara','3','0','2500000'),
('3','Kantor','3','0','2700000'),
('3','Pertokoan/Ruko/Rukan','3','0','2000000'),
('3','Pasar Modern','3','0','2000000'),
('3','Mall/Super Market','3','0','2500000'),
('3','Hotel/Villa/Penginapan, Dll','3','0','3500000'),
('3','Restourant/Rumah Makan/Caffee','3','0','2000000'),
('3','Warung/Kios','3','0','1700000'),
('3','Showroom/Bengkel','3','0','2000000'),
('4','Bangunan Olah Raga','3','0','2700000'),
('4','Bangunan Kesenian','3','0','3000000'),
('4','Bangunan Pasar Tradisional','3','0','2700000'),
('4','Bangunan Kesehatan','3','0','2700000'),
('4','Bangunan Pendidikan','3','0','2700000'),
('4','Bangunan Terminal','3','0','2250000'),
('4','Bangunan Panti Asuhan/Jompo','3','0','2000000'),
('4','Bangunan Adat','3','0','2700000'),
('6','Hotel & Tempat Rekreasi/Convention Center','3','0','3500000'),
('6','Shoping Center','3','0','3000000'),
('6','Sport Hall','3','0','3000000'),
('6','Bangunan Tempat Hiburan/Rekreasi','3','0','2700000'),
('1','Rumah Tinggal','4','0','1500000'),
('2','Merajan/Pura','4','0',''),
('2','Langgar/Mushola/Mesjid','4','0',''),
('2','Katedral/Gereja','4','0',''),
('2','Klenteng/ Vihara','4','0',''),
('3','Kantor','4','0',''),
('3','Pertokoan/Ruko/Rukan','4','0',''),
('3','Pasar Modern','4','0',''),
('3','Mall/Super Market','4','0',''),
('3','Hotel/Villa/Penginapan, Dll','4','0',''),
('3','Restourant/Rumah Makan/Caffee','4','0','1500000'),
('3','Warung/Kios','4','0','1250000'),
('3','Showroom/Bengkel','4','0','1700000'),
('4','Bangunan Olah Raga','4','0','1500000'),
('4','Bangunan Kesenian','4','0',''),
('4','Bangunan Pasar Tradisional','4','0','2000000'),
('4','Bangunan Kesehatan','4','0',''),
('4','Bangunan Pendidikan','4','0',''),
('4','Bangunan Terminal','4','0',''),
('4','Bangunan Panti Asuhan/Jompo','4','0','1700000'),
('4','Bangunan Adat','4','0','1500000'),
('6','Hotel & Tempat Rekreasi/Convention Center','4','0',''),
('6','Shoping Center','4','0',''),
('6','Sport Hall','4','0',''),
('6','Bangunan Tempat Hiburan/Rekreasi','4','0','2000000'),
('1','Rumah Tinggal','1','1','3500000'),
('2','Merajan/Pura','1','1','4000000'),
('2','Langgar/Mushola/Mesjid','1','1','4000000'),
('2','Katedral/Gereja','1','1','4000000'),
('2','Klenteng/ Vihara','1','1','4000000'),
('3','Kantor','1','1','4000000'),
('3','Pertokoan/Ruko/Rukan','1','1','3500000'),
('3','Pasar Modern','1','1','3500000'),
('3','Mall/Super Market','1','1','4000000'),
('3','Hotel/Villa/Penginapan, Dll','1','1','5000000'),
('3','Restourant/Rumah Makan/Caffee','1','1','3500000'),
('3','Warung/Kios','1','1','3000000'),
('3','Showroom/Bengkel','1','1','3500000'),
('4','Bangunan Olah Raga','1','1','4500000'),
('4','Bangunan Kesenian','1','1','4500000'),
('4','Bangunan Pasar Tradisional','1','1','4000000'),
('4','Bangunan Kesehatan','1','1','4000000'),
('4','Bangunan Pendidikan','1','1','4000000'),
('4','Bangunan Terminal','1','1','3500000'),
('4','Bangunan Panti Asuhan/Jompo','1','1','3500000'),
('4','Bangunan Adat','1','1','4000000'),
('6','Hotel & Tempat Rekreasi/Convention Center','1','1','5000000'),
('6','Shoping Center','1','1','4500000'),
('6','Sport Hall','1','1','4500000'),
('6','Bangunan Tempat Hiburan/Rekreasi','1','1','4000000'),
('1','Rumah Tinggal','2','1','3000000'),
('2','Merajan/Pura','2','1','3500000'),
('2','Langgar/Mushola/Mesjid','2','1','3500000'),
('2','Katedral/Gereja','2','1','3500000'),
('2','Klenteng/ Vihara','2','1','3500000'),
('3','Kantor','2','1','3500000'),
('3','Pertokoan/Ruko/Rukan','2','1','3000000'),
('3','Pasar Modern','2','1','3000000'),
('3','Mall/Super Market','2','1','3500000'),
('3','Hotel/Villa/Penginapan, Dll','2','1','4500000'),
('3','Restourant/Rumah Makan/Caffee','2','1','3000000'),
('3','Warung/Kios','2','1','2500000'),
('3','Showroom/Bengkel','2','1','3000000'),
('4','Bangunan Olah Raga','2','1','4000000'),
('4','Bangunan Kesenian','2','1','4000000'),
('4','Bangunan Pasar Tradisional','2','1','3500000'),
('4','Bangunan Kesehatan','2','1','3500000'),
('4','Bangunan Pendidikan','2','1','3500000'),
('4','Bangunan Terminal','2','1','3000000'),
('4','Bangunan Panti Asuhan/Jompo','2','1','3000000'),
('4','Bangunan Adat','2','1','3500000'),
('6','Hotel & Tempat Rekreasi/Convention Center','2','1','4500000'),
('6','Shoping Center','2','1','4000000'),
('6','Sport Hall','2','1','4000000'),
('6','Bangunan Tempat Hiburan/','2','1','3500000'),
('6','Rekreasi','2','1',''),
('1','Rumah Tinggal','3','1','2700000'),
('2','Merajan/Pura','3','1','3000000'),
('2','Langgar/Mushola/Mesjid','3','1','3000000'),
('2','Katedral/Gereja','3','1','3000000'),
('2','Klenteng/ Vihara','3','1','3000000'),
('3','Kantor','3','1','3000000'),
('3','Pertokoan/Ruko/Rukan','3','1','2500000'),
('3','Pasar Modern','3','1','2500000'),
('3','Mall/Super Market','3','1','2700000'),
('3','Hotel/Villa/Penginapan, Dll','3','1','4000000'),
('3','Restourant/Rumah Makan/Caffee','3','1','2700000'),
('3','Warung/Kios','3','1','2000000'),
('3','Showroom/Bengkel','3','1','2500000'),
('4','Bangunan Olah Raga','3','1','3000000'),
('4','Bangunan Kesenian','3','1','3500000'),
('4','Bangunan Pasar Tradisional','3','1','3000000'),
('4','Bangunan Kesehatan','3','1','3000000'),
('4','Bangunan Pendidikan','3','1','3000000'),
('4','Bangunan Terminal','3','1','2700000'),
('4','Bangunan Panti Asuhan/Jompo','3','1','2700000'),
('4','Bangunan Adat','3','1','3000000'),
('6','Hotel & Tempat Rekreasi/Convention Center','3','1','4000000'),
('6','Shoping Center','3','1','3500000'),
('6','Sport Hall','3','1','3500000'),
('6','Bangunan Tempat Hiburan/','3','1','3000000'),
('6','Rekreasi','3','1',''),
('1','Rumah Tinggal','4','1',''),
('2','Merajan/Pura','4','1',''),
('2','Langgar/Mushola/Mesjid','4','1',''),
('2','Katedral/Gereja','4','1',''),
('2','Klenteng/ Vihara','4','1',''),
('3','Kantor','4','1',''),
('3','Pertokoan/Ruko/Rukan','4','1',''),
('3','Pasar Modern','4','1',''),
('3','Mall/Super Market','4','1',''),
('3','Hotel/Villa/Penginapan, Dll','4','1',''),
('3','Restourant/Rumah Makan/Caffee','4','1',''),
('3','Warung/Kios','4','1',''),
('3','Showroom/Bengkel','4','1',''),
('4','Bangunan Olah Raga','4','1',''),
('4','Bangunan Kesenian','4','1',''),
('4','Bangunan Pasar Tradisional','4','1',''),
('4','Bangunan Kesehatan','4','1',''),
('4','Bangunan Pendidikan','4','1',''),
('4','Bangunan Terminal','4','1',''),
('4','Bangunan Panti Asuhan/Jompo','4','1',''),
('4','Bangunan Adat','4','1',''),
('6','Hotel & Tempat Rekreasi/Convention Center','4','1',''),
('6','Shoping Center','4','1',''),
('6','Sport Hall','4','1',''),
('6','Bangunan Tempat Hiburan/Rekreasi','4','1',''),
('7','Pagar','5','0','450000'),
('7','Tanggul/Retaining Wall','5','0','500000'),
('7','Turap batas kavling/persil','5','0','500000'),
('8','Gapura (manusia/motor)','5','0','10000000'),
('8','Gerbang (mobil)','5','0','20000000'),
('9','Jalan','5','0','700000'),
('9','Lapangan Upacara','5','0','110000'),
('9','Lapangan Olah Raga Terbuka','5','0','110000'),
('9','Areal Parkir','5','0','125000'),
('10','Jembatan','5','0','4750000'),
('10','Box Culvert','5','0','3250000'),
('10','Plat Deuker','5','0','2500000'),
('10','Gorong-gorong','5','0','1250000'),
('11','Kolam Renang','5','0','1250000'),
('11','Kolam Pengolahan Air','5','0','450000'),
('11','Reservoir Bawah Tanah','5','0','750000'),
('12','Menara Antena','5','0','2750000'),
('12','Menara Air','5','0','2500000'),
('12','Cerobong','5','0','1750000'),
('13','Tugu','5','0','3000000'),
('13','Patung','5','0','4500000'),
('14','Gardu Listrik','5','0','3500000'),
('14','Gardu Telepon','5','0','4750000'),
('14','Instalasi Pengolahan','5','0','3500000'),
('15','Billboard','5','0','2500000'),
('15','Papan Iklan','5','0','1750000'),
('15','Papan Nama (Berdiri sendiri atau berupa tembok pagar)','5','0','2000000'),
('7','Pagar','6','0','150000'),
('7','Tanggul/Retaining Wall','6','0','175000'),
('7','Turap batas kavling/persil','6','0','175000'),
('8','Gapura (manusia/motor)','6','0','1500000'),
('8','Gerbang (mobil)','6','0','2500000'),
('9','Jalan','6','0','125000'),
('9','Lapangan Upacara','6','0','35000'),
('9','Lapangan Olah Raga Terbuka','6','0','35000'),
('9','Areal Parkir','6','0','40000'),
('10','Jembatan','6','0','1750000'),
('10','Box Culvert','6','0','850000'),
('10','Plat Deuker','6','0','350000'),
('10','Gorong-gorong','6','0','250000'),
('11','Kolam Renang','6','0','125000'),
('11','Kolam Pengolahan Air','6','0','75000'),
('11','Reservoir Bawah Tanah','6','0','150000'),
('12','Menara Antena','6','0','350000'),
('12','Menara Air','6','0','275000'),
('12','Cerobong','6','0','125000'),
('13','Tugu','6','0','300000'),
('13','Patung','6','0','450000'),
('14','Gardu Listrik','6','0','350000'),
('14','Gardu Telepon','6','0','300000'),
('14','Instalasi Pengolahan','6','0','350000'),
('15','Billboard','6','0','250000'),
('15','Papan Iklan','6','0','150000'),
('15','Papan Nama (Berdiri sendiri atau berupa tembok pagar)','6','0','150000'),
('7','Pagar','7','0','250000'),
('7','Tanggul/Retaining Wall','7','0','200000'),
('7','Turap batas kavling/persil','7','0','200000'),
('8','Gapura (manusia/motor)','7','0','2000000'),
('8','Gerbang (mobil)','7','0','3500000'),
('9','Jalan','7','0','200000'),
('9','Lapangan Upacara','7','0','55000'),
('9','Lapangan Olah Raga Terbuka','7','0','55000'),
('9','Areal Parkir','7','0','60000'),
('10','Jembatan','7','0','2500000'),
('10','Box Culvert','7','0','1250000'),
('10','Plat Deuker','7','0','500000'),
('10','Gorong-gorong','7','0','450000'),
('11','Kolam Renang','7','0','250000'),
('11','Kolam Pengolahan Air','7','0','125000'),
('11','Reservoir Bawah Tanah','7','0','250000'),
('12','Menara Antena','7','0','650000'),
('12','Menara Air','7','0','350000'),
('12','Cerobong','7','0','250000'),
('13','Tugu','7','0','450000'),
('13','Patung','7','0','700000'),
('14','Gardu Listrik','7','0','600000'),
('14','Gardu Telepon','7','0','500000'),
('14','Instalasi Pengolahan','7','0','600000'),
('15','Billboard','7','0','400000'),
('15','Papan Iklan','7','0','250000'),
('15','Papan Nama (Berdiri sendiri atau berupa tembok pagar)','7','0','300000'),
('7','Pagar','8','0','300000'),
('7','Tanggul/Retaining Wall','8','0','250000'),
('7','Turap batas kavling/persil','8','0','250000'),
('8','Gapura (manusia/motor)','8','0','3000000'),
('8','Gerbang (mobil)','8','0','4000000'),
('9','Jalan','8','0','300000'),
('9','Lapangan Upacara','8','0','75000'),
('9','Lapangan Olah Raga Terbuka','8','0','75000'),
('9','Areal Parkir','8','0','75000'),
('10','Jembatan','8','0','3000000'),
('10','Box Culvert','8','0','1750000'),
('10','Plat Deuker','8','0','750000'),
('10','Gorong-gorong','8','0','600000'),
('11','Kolam Renang','8','0','350000'),
('11','Kolam Pengolahan Air','8','0','200000'),
('11','Reservoir Bawah Tanah','8','0','400000'),
('12','Menara Antena','8','0','800000'),
('12','Menara Air','8','0','500000'),
('12','Cerobong','8','0','350000'),
('13','Tugu','8','0','650000'),
('13','Patung','8','0','950000'),
('14','Gardu Listrik','8','0','950000'),
('14','Gardu Telepon','8','0','850000'),
('14','Instalasi Pengolahan','8','0','950000'),
('15','Billboard','8','0','650000'),
('15','Papan Iklan','8','0','400000'),
('15','Papan Nama (Berdiri sendiri atau berupa tembok pagar)','8','0','450000');

/*!40101 SET SQL_MODE=@OLD_SQL_MODE */;
/*!40014 SET FOREIGN_KEY_CHECKS=@OLD_FOREIGN_KEY_CHECKS */;
/*!40014 SET UNIQUE_CHECKS=@OLD_UNIQUE_CHECKS */;
/*!40111 SET SQL_NOTES=@OLD_SQL_NOTES */;
