/*
SQLyog Ultimate v12.4.1 (64 bit)
MySQL - 10.1.19-MariaDB : Database - simetris
*********************************************************************
*/

/*!40101 SET NAMES utf8 */;

/*!40101 SET SQL_MODE=''*/;

/*!40014 SET @OLD_UNIQUE_CHECKS=@@UNIQUE_CHECKS, UNIQUE_CHECKS=0 */;
/*!40014 SET @OLD_FOREIGN_KEY_CHECKS=@@FOREIGN_KEY_CHECKS, FOREIGN_KEY_CHECKS=0 */;
/*!40101 SET @OLD_SQL_MODE=@@SQL_MODE, SQL_MODE='NO_AUTO_VALUE_ON_ZERO' */;
/*!40111 SET @OLD_SQL_NOTES=@@SQL_NOTES, SQL_NOTES=0 */;
CREATE DATABASE /*!32312 IF NOT EXISTS*/`simetris` /*!40100 DEFAULT CHARACTER SET latin1 */;

USE `simetris`;

/*Table structure for table `content` */

DROP TABLE IF EXISTS `content`;

CREATE TABLE `content` (
  `id` int(11) NOT NULL AUTO_INCREMENT,
  `jenis` int(11) DEFAULT NULL COMMENT '0=slider; 1=profile;',
  `judul` varchar(255) DEFAULT NULL,
  `katakunci` varchar(255) DEFAULT NULL,
  `content` text,
  `flag_delete` tinyint(2) DEFAULT '0',
  `created_at` timestamp NOT NULL DEFAULT CURRENT_TIMESTAMP ON UPDATE CURRENT_TIMESTAMP,
  `updated_at` timestamp NOT NULL DEFAULT '0000-00-00 00:00:00',
  PRIMARY KEY (`id`)
) ENGINE=InnoDB AUTO_INCREMENT=14 DEFAULT CHARSET=latin1;

/*Data for the table `content` */

insert  into `content`(`id`,`jenis`,`judul`,`katakunci`,`content`,`flag_delete`,`created_at`,`updated_at`) values 
(1,1,'Apa itu IMB ?','SISTEM INFORMASI REKOMENDASI TEKNIS RETRIBUSI IMB','<p>Perizinan yang diberikan oleh Pemerintah Daerah kepada pemohon untuk membangun baru, rehabilitasi/renovasi, dan/atau memugar dalam rangka melestarikan bangunan sesuai dengan persyaratan administratif dan persyaratan teknis yang berlaku.<br></p>',0,'2018-10-10 23:29:43','2018-09-14 19:26:56'),
(2,0,'SIMETRIS IMB','SISTEM INFORMASI REKOMENDASI TEKNIS DAN RETRIBUSI IMB','protected/storage/quickcount/slider/content/10bf08f0bbd6689475be65b4ae441bd9/aac41d76ba895ab889e4f6cf3dafd6b8.jpg',0,'2018-10-19 06:34:33','2018-10-19 07:34:33'),
(4,1,'Apa Manfaat Memiliki IMB ?','SISTEM INFORMASI REKOMENDASI TEKNIS RETRIBUSI IMB','<ol><li>Memiliki kepastian hukum terhadap bangunan yang sesuai dengan aturan yang berlaku</li><li>Untuk keperluan pengurusan ijin usaha lainnya</li><li>Untuk keperluan perkreditan Bank</li><li>Meningkatkan nilai ekonomis lahan dan bangunan</li></ol>',0,'2018-10-10 23:29:46','2018-09-14 19:28:16'),
(10,0,'SIMETRIS IMB','Mewujudkan Karangasem Cerdas, Bersih dan Bermartabat  Berlandaskan Tri Hita Karana','protected/storage/quickcount/slider/content/10bf08f0bbd6689475be65b4ae441bd9/779304ae46b32f7fac25ea49318df073.jpg',0,'2018-10-18 21:42:01','2018-10-18 22:42:01'),
(11,0,'SIMETRIS IMB','Menuju Karangasem Cerdas, Bersih dan Bermartabat Berlandaskan Tri Hita Karana','protected/storage/quickcount/slider/content/10bf08f0bbd6689475be65b4ae441bd9/42a1b7deb73ba4111e148570953712f1.jpg',1,'2018-10-10 23:30:33','2018-09-14 18:52:01'),
(12,1,'Bagaimana Bangunan Layak Memiliki IMB ?','','<ol><li>Memenuhi persyaratan lokasi</li><li>Memenuhi persyaratan Garis Sempadan Bangunan (GSB)</li><li>Memenuhi Koofesian Dasar Bangunan (KDB)</li><li>Memenuhi Koofesien Lantai Bangunan (KLB)</li><li>Memenuhi Persyaratan Arsitektur Gedung</li></ol>',0,'2018-09-14 18:28:05','2018-09-14 19:28:05'),
(13,1,'Apa saja persyaratan IMB ?','','<p></p><p style=\"box-sizing: border-box; margin: 0px 0px 10px; color: rgb(90, 90, 90); font-family: Ubuntu, Tahoma, \" helvetica=\"\" neue\",=\"\" helvetica,=\"\" arial,=\"\" sans-serif;=\"\" font-size:=\"\" 14px;=\"\" font-style:=\"\" normal;=\"\" font-variant-ligatures:=\"\" font-variant-caps:=\"\" font-weight:=\"\" 400;=\"\" letter-spacing:=\"\" orphans:=\"\" 2;=\"\" text-align:=\"\" start;=\"\" text-indent:=\"\" 0px;=\"\" text-transform:=\"\" none;=\"\" white-space:=\"\" widows:=\"\" word-spacing:=\"\" -webkit-text-stroke-width:=\"\" background-color:=\"\" rgb(255,=\"\" 255,=\"\" 255);=\"\" text-decoration-style:=\"\" initial;=\"\" text-decoration-color:=\"\" initial;\"=\"\"></p><p style=\"box-sizing: border-box; margin: 0px 0px 10px; color: rgb(90, 90, 90); font-family: Ubuntu, Tahoma, \" helvetica=\"\" neue\",=\"\" helvetica,=\"\" arial,=\"\" sans-serif;=\"\" font-size:=\"\" 14px;=\"\" font-style:=\"\" normal;=\"\" font-variant-ligatures:=\"\" font-variant-caps:=\"\" font-weight:=\"\" 400;=\"\" letter-spacing:=\"\" orphans:=\"\" 2;=\"\" text-align:=\"\" start;=\"\" text-indent:=\"\" 0px;=\"\" text-transform:=\"\" none;=\"\" white-space:=\"\" widows:=\"\" word-spacing:=\"\" -webkit-text-stroke-width:=\"\" background-color:=\"\" rgb(255,=\"\" 255,=\"\" 255);=\"\" text-decoration-style:=\"\" initial;=\"\" text-decoration-color:=\"\" initial;\"=\"\"></p><div style=\"box-sizing: border-box; color: rgb(90, 90, 90); font-family: Ubuntu, Tahoma, \" helvetica=\"\" neue\",=\"\" helvetica,=\"\" arial,=\"\" sans-serif;=\"\" font-size:=\"\" 14px;=\"\" font-style:=\"\" normal;=\"\" font-variant-ligatures:=\"\" font-variant-caps:=\"\" font-weight:=\"\" 400;=\"\" letter-spacing:=\"\" orphans:=\"\" 2;=\"\" text-indent:=\"\" 0px;=\"\" text-transform:=\"\" none;=\"\" white-space:=\"\" widows:=\"\" word-spacing:=\"\" -webkit-text-stroke-width:=\"\" background-color:=\"\" rgb(255,=\"\" 255,=\"\" 255);=\"\" text-decoration-style:=\"\" initial;=\"\" text-decoration-color:=\"\" text-align:=\"\" justify;\"=\"\"><a href=\"http://v2.karangasemkab.go.id/assets/perizinan/\" target=\"_blank\" style=\"box-sizing: border-box; color: rgb(43, 16, 0); text-decoration: none;\"></a></div><p style=\"box-sizing: border-box; margin: 0px 0px 10px; color: rgb(90, 90, 90); font-family: Ubuntu, Tahoma, \" helvetica=\"\" neue\",=\"\" helvetica,=\"\" arial,=\"\" sans-serif;=\"\" font-size:=\"\" 14px;=\"\" font-style:=\"\" normal;=\"\" font-variant-ligatures:=\"\" font-variant-caps:=\"\" font-weight:=\"\" 400;=\"\" letter-spacing:=\"\" orphans:=\"\" 2;=\"\" text-align:=\"\" start;=\"\" text-indent:=\"\" 0px;=\"\" text-transform:=\"\" none;=\"\" white-space:=\"\" widows:=\"\" word-spacing:=\"\" -webkit-text-stroke-width:=\"\" background-color:=\"\" rgb(255,=\"\" 255,=\"\" 255);=\"\" text-decoration-style:=\"\" initial;=\"\" text-decoration-color:=\"\" initial;\"=\"\"></p><p style=\"box-sizing: border-box; margin: 0px 0px 10px; color: rgb(90, 90, 90); font-family: Ubuntu, Tahoma, \" helvetica=\"\" neue\",=\"\" helvetica,=\"\" arial,=\"\" sans-serif;=\"\" font-size:=\"\" 14px;=\"\" font-style:=\"\" normal;=\"\" font-variant-ligatures:=\"\" font-variant-caps:=\"\" font-weight:=\"\" 400;=\"\" letter-spacing:=\"\" orphans:=\"\" 2;=\"\" text-align:=\"\" start;=\"\" text-indent:=\"\" 0px;=\"\" text-transform:=\"\" none;=\"\" white-space:=\"\" widows:=\"\" word-spacing:=\"\" -webkit-text-stroke-width:=\"\" background-color:=\"\" rgb(255,=\"\" 255,=\"\" 255);=\"\" text-decoration-style:=\"\" initial;=\"\" text-decoration-color:=\"\" initial;\"=\"\"></p><p></p><div style=\"box-sizing: border-box; color: rgb(90, 90, 90); font-family: Ubuntu, Tahoma, \" helvetica=\"\" neue\",=\"\" helvetica,=\"\" arial,=\"\" sans-serif;=\"\" font-size:=\"\" 14px;=\"\" font-style:=\"\" normal;=\"\" font-variant-ligatures:=\"\" font-variant-caps:=\"\" font-weight:=\"\" 400;=\"\" letter-spacing:=\"\" orphans:=\"\" 2;=\"\" text-indent:=\"\" 0px;=\"\" text-transform:=\"\" none;=\"\" white-space:=\"\" widows:=\"\" word-spacing:=\"\" -webkit-text-stroke-width:=\"\" background-color:=\"\" rgb(255,=\"\" 255,=\"\" 255);=\"\" text-decoration-style:=\"\" initial;=\"\" text-decoration-color:=\"\" text-align:=\"\" justify;\"=\"\"><p style=\"text-align: center; box-sizing: border-box; margin: 0px 0px 10px;\"><strong style=\"box-sizing: border-box; font-weight: bold;\">Untuk Bangunan Rumah Tinggal</strong></p><ol style=\"box-sizing: border-box; margin-top: 0px; margin-bottom: 10px;\"><li style=\"box-sizing: border-box;\">Foto copy KTP/Keterangan Domisili</li><li style=\"box-sizing: border-box;\">Sertifikat tanah/Status Tanah</li><li style=\"box-sizing: border-box;\">Foto Copy Surat Pajak Tanah (PBB)</li><li style=\"box-sizing: border-box;\">Site Plan</li><li style=\"box-sizing: border-box;\">Denah &amp; gambar detail bangunan</li><li style=\"box-sizing: border-box;\">Surat pernyataan Tetangga sebelah menyebelah / Penyanding</li><li style=\"box-sizing: border-box;\">Rencana Biaya</li><li style=\"box-sizing: border-box;\">Surat pengantar Camat</li></ol><p style=\"box-sizing: border-box;\"><br></p><p style=\"text-align: center; box-sizing: border-box; margin: 0px 0px 10px;\"><strong style=\"box-sizing: border-box; font-weight: bold;\">Untuk Bangunan Pondok wisata, Home Stay (5 Kamar atau Kurang),</strong></p><p style=\"text-align: center; box-sizing: border-box; margin: 0px 0px 10px;\"><strong style=\"box-sizing: border-box; font-weight: bold;\"> Bangunan Usaha Diving, Rafting, Agrowisata :</strong></p><ol style=\"box-sizing: border-box; margin-top: 0px; margin-bottom: 10px;\"><li style=\"box-sizing: border-box;\">Foto copy KTP/Keterangan Domisili</li><li style=\"box-sizing: border-box;\">Sertifikat tanah/Status Tanah</li><li style=\"box-sizing: border-box;\">Foto Copy Surat Pajak Tanah (PBB)</li><li style=\"box-sizing: border-box;\">Site Plan</li><li style=\"box-sizing: border-box;\">Denah &amp; gambar detail bangunan</li><li style=\"box-sizing: border-box;\">Surat pernyataan Tetangga sebelah menyebelah / Penyanding</li><li style=\"box-sizing: border-box;\">Rencana Biaya</li><li style=\"box-sizing: border-box;\">Surat pengantar Camat</li><li style=\"box-sizing: border-box;\">Rekomendasi Bupati Cq. Dinas Pariwisata Kabupaten Karangasem</li><li style=\"box-sizing: border-box;\">Izin Lokasi</li></ol><p style=\"box-sizing: border-box;\"><br></p><p style=\"text-align: center; box-sizing: border-box; margin: 0px 0px 10px;\"><strong style=\"box-sizing: border-box; font-weight: bold;\">Untuk Bangunan Hotel Melati, Hotel Berbintang, Cottage</strong></p><p style=\"text-align: center; box-sizing: border-box; margin: 0px 0px 10px;\"><strong style=\"box-sizing: border-box; font-weight: bold;\"> dan yang sejenis (lebih dari 5 kamar), Restauran, Rumah Makan :</strong></p><ol style=\"box-sizing: border-box; margin-top: 0px; margin-bottom: 10px;\"><li style=\"box-sizing: border-box;\">Foto copy KTP/Keterangan Domisili</li><li style=\"box-sizing: border-box;\">Sertifikat tanah/Status Tanah</li><li style=\"box-sizing: border-box;\">Foto Copy Surat Pajak Tanah (PBB)</li><li style=\"box-sizing: border-box;\">Site Plan</li><li style=\"box-sizing: border-box;\">Denah &amp; gambar detail bangunan</li><li style=\"box-sizing: border-box;\">Surat pernyataan Tetangga sebelah menyebelah / Penyanding</li><li style=\"box-sizing: border-box;\">Rencana Biaya</li><li style=\"box-sizing: border-box;\">Surat pengantar Camat</li><li style=\"box-sizing: border-box;\">Rekomendasi Bupati</li><li style=\"box-sizing: border-box;\">Izin Lokasi</li><li style=\"box-sizing: border-box;\">Izin Prinsip Gubernur Bali (kecuali yang menggunakan fasilitas penanaman modal PMA atau PMDN)</li><li style=\"box-sizing: border-box;\">Dokumen UKL – UPL (luas lahan 2 Ha)</li><li style=\"box-sizing: border-box;\">Dokumen AMDAL (Luas lahan 5 Ha/lebih dan 200 Kamar/lebih)</li></ol><p style=\"box-sizing: border-box;\"><br></p><p style=\"text-align: center; box-sizing: border-box; margin: 0px 0px 10px;\"><strong style=\"box-sizing: border-box; font-weight: bold;\">Untuk Bangunan Industri, Perumahan, Fasilitas Umum, Bangunan Khusus, Perdagangan, Pendidikan, Kelembagaan :</strong></p><ol style=\"box-sizing: border-box; margin-top: 0px; margin-bottom: 10px;\"><li style=\"box-sizing: border-box;\">Foto copy KTP/Keterangan Domisili</li><li style=\"box-sizing: border-box;\">Sertifikat tanah/Status Tanah</li><li style=\"box-sizing: border-box;\">Foto Copy Surat Pajak Tanah (PBB)</li><li style=\"box-sizing: border-box;\">Site Plan</li><li style=\"box-sizing: border-box;\">Denah &amp; gambar detail bangunan</li><li style=\"box-sizing: border-box;\">Surat pernyataan Tetangga sebelah menyebelah / Penyanding</li><li style=\"box-sizing: border-box;\">Rencana Biaya</li><li style=\"box-sizing: border-box;\">Surat pengantar Camat</li><li style=\"box-sizing: border-box;\">Izin Lokasi</li><li style=\"box-sizing: border-box;\">Dokumen UKL – UPL (luas lahan kurang dari 5 Ha)</li><li style=\"box-sizing: border-box;\">Dokumen AMDAL (Luas lahan 5 Ha/lebih)</li></ol></div>',0,'2018-09-14 18:41:55','2018-09-14 19:41:55');

/*Table structure for table `m_fungsi` */

DROP TABLE IF EXISTS `m_fungsi`;

CREATE TABLE `m_fungsi` (
  `id` int(11) NOT NULL AUTO_INCREMENT,
  `nama` varchar(255) DEFAULT NULL,
  `indeks` decimal(6,2) DEFAULT '0.00',
  `flag_delete` tinyint(2) DEFAULT '0',
  `created_at` timestamp NOT NULL DEFAULT CURRENT_TIMESTAMP ON UPDATE CURRENT_TIMESTAMP,
  `updated_at` timestamp NOT NULL DEFAULT '0000-00-00 00:00:00',
  PRIMARY KEY (`id`)
) ENGINE=InnoDB AUTO_INCREMENT=16 DEFAULT CHARSET=latin1;

/*Data for the table `m_fungsi` */

insert  into `m_fungsi`(`id`,`nama`,`indeks`,`flag_delete`,`created_at`,`updated_at`) values 
(1,'Hunian',0.50,0,'2018-09-08 15:16:25','2018-09-08 15:16:25'),
(2,'Keagamaan',0.00,0,'2018-09-07 13:29:39','0000-00-00 00:00:00'),
(3,'Usaha',3.00,0,'2018-09-07 13:29:42','0000-00-00 00:00:00'),
(4,'Sosial Budaya',0.00,0,'2018-09-07 13:29:47','0000-00-00 00:00:00'),
(5,'Khusus',2.00,0,'2018-09-07 13:29:57','0000-00-00 00:00:00'),
(6,'Ganda/Campuran',4.00,0,'2018-09-07 13:30:00','0000-00-00 00:00:00'),
(7,'Konstruksi Pembatas/Penahan/Pengaman',0.00,0,'2018-09-08 21:18:09','2018-09-08 12:33:27'),
(8,'Konstruksi Penanda Masuk Lokasi',0.00,0,'2018-09-08 21:19:52','0000-00-00 00:00:00'),
(9,'Konstruksi Perkerasan',0.00,0,'2018-09-08 21:18:32','0000-00-00 00:00:00'),
(10,'Konstruksi Penghubung',0.00,0,'2018-09-08 21:18:46','0000-00-00 00:00:00'),
(11,'Konstruksi Kolam/Reservoar Bawah Tanah',0.00,0,'2018-09-08 21:19:59','0000-00-00 00:00:00'),
(12,'Konstruksi Menara',0.00,0,'2018-09-08 21:19:12','0000-00-00 00:00:00'),
(13,'Konstruksi Monumen',0.00,0,'2018-09-08 21:19:18','0000-00-00 00:00:00'),
(14,'Konstruksi Instalasi/Gardu',0.00,0,'2018-09-08 21:19:35','0000-00-00 00:00:00'),
(15,'Konstruksi Reklame/Papan Nama',0.00,0,'2018-09-08 21:19:45','0000-00-00 00:00:00');

/*Table structure for table `m_harga_bangunan` */

DROP TABLE IF EXISTS `m_harga_bangunan`;

CREATE TABLE `m_harga_bangunan` (
  `id` int(11) NOT NULL AUTO_INCREMENT,
  `nama` varchar(255) DEFAULT NULL,
  `id_klasifikasi_bangunan` int(11) DEFAULT NULL,
  `is_bertingkat` tinyint(2) DEFAULT NULL COMMENT '0=tidak bertingkat; 1=bertingkat;',
  `is_bangunan_tambahan` tinyint(2) DEFAULT NULL COMMENT '0=Bangunan Utama; 1=Bangunan Pendukung',
  `harga` double DEFAULT '0',
  `satuan` varchar(255) DEFAULT NULL,
  `flag_delete` tinyint(2) DEFAULT '0',
  `created_at` timestamp NOT NULL DEFAULT CURRENT_TIMESTAMP ON UPDATE CURRENT_TIMESTAMP,
  `updated_at` timestamp NOT NULL DEFAULT '0000-00-00 00:00:00',
  PRIMARY KEY (`id`)
) ENGINE=InnoDB AUTO_INCREMENT=311 DEFAULT CHARSET=latin1;

/*Data for the table `m_harga_bangunan` */

insert  into `m_harga_bangunan`(`id`,`nama`,`id_klasifikasi_bangunan`,`is_bertingkat`,`is_bangunan_tambahan`,`harga`,`satuan`,`flag_delete`,`created_at`,`updated_at`) values 
(1,'Rumah Tinggal',1,0,0,3000000,NULL,0,'2019-07-20 21:42:06','2019-07-16 10:16:47'),
(2,'Merajan/Pura',5,0,0,3500000,NULL,0,'2019-07-20 21:42:06','2018-09-09 13:46:33'),
(3,'Langgar/Mushola/Mesjid',9,0,0,3500000,NULL,0,'2019-07-20 21:42:06','2018-09-09 13:46:33'),
(4,'Katedral/Gereja',13,0,0,3500000,NULL,0,'2019-07-20 21:42:06','2018-09-09 13:46:33'),
(5,'Klenteng/ Vihara',17,0,0,3500000,NULL,0,'2019-07-20 21:42:06','2018-09-09 13:46:33'),
(6,'Kantor',21,0,0,3500000,NULL,0,'2019-07-20 21:42:06','2018-09-09 13:46:33'),
(7,'Pertokoan/Ruko/Rukan',25,0,0,3000000,NULL,0,'2019-07-20 21:42:06','2018-09-09 13:46:33'),
(8,'Pasar Modern',29,0,0,3000000,NULL,0,'2019-07-20 21:42:06','2018-09-09 13:46:33'),
(9,'Mall/Super Market',33,0,0,3500000,NULL,0,'2019-07-20 21:42:06','2018-09-09 13:46:33'),
(10,'Hotel/Villa/Penginapan, Dll',37,0,0,4500000,NULL,0,'2019-07-20 21:42:06','2018-09-09 13:46:33'),
(11,'Restourant/Rumah Makan/Caffee',41,0,0,3000000,NULL,0,'2019-07-20 21:42:06','2018-09-09 13:46:33'),
(12,'Warung/Kios',45,0,0,2700000,NULL,0,'2019-07-20 21:42:06','2018-09-09 13:46:33'),
(13,'Showroom/Bengkel',49,0,0,3000000,NULL,0,'2019-07-20 21:42:06','2018-09-09 13:46:33'),
(14,'Bangunan Olah Raga',53,0,0,4000000,NULL,0,'2019-07-20 21:42:06','2018-09-09 13:46:33'),
(15,'Bangunan Kesenian',57,0,0,4000000,NULL,0,'2019-07-20 21:42:06','2018-09-09 13:46:33'),
(16,'Bangunan Pasar Tradisional',61,0,0,3500000,NULL,0,'2019-07-20 21:42:06','2018-09-09 13:46:33'),
(17,'Bangunan Kesehatan',65,0,0,3500000,NULL,0,'2019-07-20 21:42:06','2018-09-09 13:46:33'),
(18,'Bangunan Pendidikan',69,0,0,3500000,NULL,0,'2019-07-20 21:42:06','2018-09-09 13:46:33'),
(19,'Bangunan Terminal',73,0,0,3000000,NULL,0,'2019-07-20 21:42:06','2018-09-09 13:46:33'),
(20,'Bangunan Panti Asuhan/Jompo',77,0,0,3000000,NULL,0,'2019-07-20 21:42:06','2018-09-09 13:46:33'),
(21,'Bangunan Adat',81,0,0,3500000,NULL,0,'2019-07-20 21:42:06','2018-09-09 13:46:33'),
(22,'Hotel & Tempat Rekreasi/Convention Center',85,0,0,4500000,NULL,0,'2019-07-20 21:42:06','2018-09-09 13:46:33'),
(23,'Shoping Center',89,0,0,4000000,NULL,0,'2019-07-20 21:42:06','2018-09-09 13:46:33'),
(24,'Sport Hall',93,0,0,4000000,NULL,0,'2019-07-20 21:42:06','2018-09-09 13:46:33'),
(25,'Bangunan Tempat Hiburan/Rekreasi',97,0,0,3500000,NULL,0,'2019-07-20 21:42:06','2018-09-09 13:46:33'),
(26,'Rumah Tinggal',2,0,0,2700000,NULL,0,'2019-07-20 21:42:06','2018-09-09 13:46:33'),
(27,'Merajan/Pura',6,0,0,3000000,NULL,0,'2019-07-20 21:42:06','2018-09-09 13:46:33'),
(28,'Langgar/Mushola/Mesjid',10,0,0,3000000,NULL,0,'2019-07-20 21:42:06','2018-09-09 13:46:33'),
(29,'Katedral/Gereja',14,0,0,3000000,NULL,0,'2019-07-20 21:42:06','2018-09-09 13:46:33'),
(30,'Klenteng/ Vihara',18,0,0,3000000,NULL,0,'2019-07-20 21:42:06','2018-09-09 13:46:33'),
(31,'Kantor',22,0,0,3000000,NULL,0,'2019-07-20 21:42:06','2018-09-09 13:46:33'),
(32,'Pertokoan/Ruko/Rukan',26,0,0,2500000,NULL,0,'2019-07-20 21:42:06','2018-09-09 13:46:33'),
(33,'Pasar Modern',30,0,0,2500000,NULL,0,'2019-07-20 21:42:06','2018-09-09 13:46:33'),
(34,'Mall/Super Market',34,0,0,3000000,NULL,0,'2019-07-20 21:42:06','2018-09-09 13:46:33'),
(35,'Hotel/Villa/Penginapan, Dll',38,0,0,4000000,NULL,0,'2019-07-20 21:42:06','2018-09-09 13:46:33'),
(36,'Restourant/Rumah Makan/Caffee',42,0,0,2700000,NULL,0,'2019-07-20 21:42:06','2018-09-09 13:46:33'),
(37,'Warung/Kios',46,0,0,2000000,NULL,0,'2019-07-20 21:42:06','2018-09-09 13:46:33'),
(38,'Showroom/Bengkel',50,0,0,2500000,NULL,0,'2019-07-20 21:42:06','2018-09-09 13:46:33'),
(39,'Bangunan Olah Raga',54,0,0,3500000,NULL,0,'2019-07-20 21:42:06','2018-09-09 13:46:33'),
(40,'Bangunan Kesenian',58,0,0,3500000,NULL,0,'2019-07-20 21:42:06','2018-09-09 13:46:33'),
(41,'Bangunan Pasar Tradisional',62,0,0,3000000,NULL,0,'2019-07-20 21:42:06','2018-09-09 13:46:33'),
(42,'Bangunan Kesehatan',66,0,0,3000000,NULL,0,'2019-07-20 21:42:06','2018-09-09 13:46:33'),
(43,'Bangunan Pendidikan',70,0,0,3000000,NULL,0,'2019-07-20 21:42:06','2018-09-09 13:46:33'),
(44,'Bangunan Terminal',74,0,0,2700000,NULL,0,'2019-07-20 21:42:06','2018-09-09 13:46:33'),
(45,'Bangunan Panti Asuhan/Jompo',78,0,0,2700000,NULL,0,'2019-07-20 21:42:06','2018-09-09 13:46:33'),
(46,'Bangunan Adat',82,0,0,3000000,NULL,0,'2019-07-20 21:42:06','2018-09-09 13:46:33'),
(47,'Hotel & Tempat Rekreasi/Convention Center',86,0,0,4000000,NULL,0,'2019-07-20 21:42:06','2018-09-09 13:46:33'),
(48,'Shoping Center',90,0,0,3500000,NULL,0,'2019-07-20 21:42:06','2018-09-09 13:46:33'),
(49,'Sport Hall',94,0,0,3500000,NULL,0,'2019-07-20 21:42:06','2018-09-09 13:46:33'),
(50,'Bangunan Tempat Hiburan/Rekreasi',98,0,0,3000000,NULL,0,'2019-07-20 21:42:06','2018-09-09 13:46:33'),
(51,'Rumah Tinggal',3,0,0,2000000,NULL,0,'2019-07-20 21:42:06','2018-09-09 13:46:33'),
(52,'Merajan/Pura',7,0,0,2500000,NULL,0,'2019-07-20 21:42:06','2018-09-09 13:46:33'),
(53,'Langgar/Mushola/Mesjid',11,0,0,2500000,NULL,0,'2019-07-20 21:42:06','2018-09-09 13:46:33'),
(54,'Katedral/Gereja',15,0,0,2500000,NULL,0,'2019-07-20 21:42:06','2018-09-09 13:46:33'),
(55,'Klenteng/ Vihara',19,0,0,2500000,NULL,0,'2019-07-20 21:42:06','2018-09-09 13:46:33'),
(56,'Kantor',23,0,0,2700000,NULL,0,'2019-07-20 21:42:06','2018-09-09 13:46:33'),
(57,'Pertokoan/Ruko/Rukan',27,0,0,2000000,NULL,0,'2019-07-20 21:42:06','2018-09-09 13:46:33'),
(58,'Pasar Modern',31,0,0,2000000,NULL,0,'2019-07-20 21:42:06','2018-09-09 13:46:33'),
(59,'Mall/Super Market',35,0,0,2500000,NULL,0,'2019-07-20 21:42:06','2018-09-09 13:46:33'),
(60,'Hotel/Villa/Penginapan, Dll',39,0,0,3500000,NULL,0,'2019-07-20 21:42:06','2018-09-09 13:46:33'),
(61,'Restourant/Rumah Makan/Caffee',43,0,0,2000000,NULL,0,'2019-07-20 21:42:06','2018-09-09 13:46:33'),
(62,'Warung/Kios',47,0,0,1700000,NULL,0,'2019-07-20 21:42:06','2018-09-09 13:46:33'),
(63,'Showroom/Bengkel',51,0,0,2000000,NULL,0,'2019-07-20 21:42:06','2018-09-09 13:46:33'),
(64,'Bangunan Olah Raga',55,0,0,2700000,NULL,0,'2019-07-20 21:42:06','2018-09-09 13:46:33'),
(65,'Bangunan Kesenian',59,0,0,3000000,NULL,0,'2019-07-20 21:42:06','2018-09-09 13:46:33'),
(66,'Bangunan Pasar Tradisional',63,0,0,2700000,NULL,0,'2019-07-20 21:42:06','2018-09-09 13:46:33'),
(67,'Bangunan Kesehatan',67,0,0,2700000,NULL,0,'2019-07-20 21:42:06','2018-09-09 13:46:33'),
(68,'Bangunan Pendidikan',71,0,0,2700000,NULL,0,'2019-07-20 21:42:06','2018-09-09 13:46:33'),
(69,'Bangunan Terminal',75,0,0,2250000,NULL,0,'2019-07-20 21:42:06','2018-09-09 13:46:33'),
(70,'Bangunan Panti Asuhan/Jompo',79,0,0,2000000,NULL,0,'2019-07-20 21:42:06','2018-09-09 13:46:33'),
(71,'Bangunan Adat',83,0,0,2700000,NULL,0,'2019-07-20 21:42:06','2018-09-09 13:46:33'),
(72,'Hotel & Tempat Rekreasi/Convention Center',87,0,0,3500000,NULL,0,'2019-07-20 21:42:06','2018-09-09 13:46:33'),
(73,'Shoping Center',91,0,0,3000000,NULL,0,'2019-07-20 21:42:06','2018-09-09 13:46:33'),
(74,'Sport Hall',95,0,0,3000000,NULL,0,'2019-07-20 21:42:06','2018-09-09 13:46:33'),
(75,'Bangunan Tempat Hiburan/Rekreasi',99,0,0,2700000,NULL,0,'2019-07-20 21:42:06','2018-09-09 13:46:33'),
(76,'Rumah Tinggal',4,0,0,1500000,NULL,0,'2019-07-20 21:42:06','2018-09-09 13:46:33'),
(77,'Merajan/Pura',8,0,0,0,NULL,0,'2019-07-20 21:42:06','2018-09-09 13:46:33'),
(78,'Langgar/Mushola/Mesjid',12,0,0,0,NULL,0,'2019-07-20 21:42:06','2018-09-09 13:46:33'),
(79,'Katedral/Gereja',16,0,0,0,NULL,0,'2019-07-20 21:42:06','2018-09-09 13:46:33'),
(80,'Klenteng/ Vihara',20,0,0,0,NULL,0,'2019-07-20 21:42:06','2018-09-09 13:46:33'),
(81,'Kantor',24,0,0,0,NULL,0,'2019-07-20 21:42:06','2018-09-09 13:46:33'),
(82,'Pertokoan/Ruko/Rukan',28,0,0,0,NULL,0,'2019-07-20 21:42:06','2018-09-09 13:46:33'),
(83,'Pasar Modern',32,0,0,0,NULL,0,'2019-07-20 21:42:06','2018-09-09 13:46:33'),
(84,'Mall/Super Market',36,0,0,0,NULL,0,'2019-07-20 21:42:06','2018-09-09 13:46:33'),
(85,'Hotel/Villa/Penginapan, Dll',40,0,0,0,NULL,0,'2019-07-20 21:42:06','2018-09-09 13:46:33'),
(86,'Restourant/Rumah Makan/Caffee',44,0,0,1500000,NULL,0,'2019-07-20 21:42:06','2018-09-09 13:46:33'),
(87,'Warung/Kios',48,0,0,1250000,NULL,0,'2019-07-20 21:42:06','2018-09-09 13:46:33'),
(88,'Showroom/Bengkel',52,0,0,1700000,NULL,0,'2019-07-20 21:42:06','2018-09-09 13:46:33'),
(89,'Bangunan Olah Raga',56,0,0,1500000,NULL,0,'2019-07-20 21:42:06','2018-09-09 13:46:33'),
(90,'Bangunan Kesenian',60,0,0,0,NULL,0,'2019-07-20 21:42:06','2018-09-09 13:46:33'),
(91,'Bangunan Pasar Tradisional',64,0,0,2000000,NULL,0,'2019-07-20 21:42:06','2018-09-09 13:46:33'),
(92,'Bangunan Kesehatan',68,0,0,0,NULL,0,'2019-07-20 21:42:06','2018-09-09 13:46:33'),
(93,'Bangunan Pendidikan',72,0,0,0,NULL,0,'2019-07-20 21:42:06','2018-09-09 13:46:33'),
(94,'Bangunan Terminal',76,0,0,0,NULL,0,'2019-07-20 21:42:06','2018-09-09 13:46:33'),
(95,'Bangunan Panti Asuhan/Jompo',80,0,0,1700000,NULL,0,'2019-07-20 21:42:06','2018-09-09 13:46:33'),
(96,'Bangunan Adat',84,0,0,1500000,NULL,0,'2019-07-20 21:42:06','2018-09-09 13:46:33'),
(97,'Hotel & Tempat Rekreasi/Convention Center',88,0,0,0,NULL,0,'2019-07-20 21:42:06','2018-09-09 13:46:33'),
(98,'Shoping Center',92,0,0,0,NULL,0,'2019-07-20 21:42:06','2018-09-09 13:46:33'),
(99,'Sport Hall',96,0,0,0,NULL,0,'2019-07-20 21:42:06','2018-09-09 13:46:33'),
(100,'Bangunan Tempat Hiburan/Rekreasi',100,0,0,2000000,NULL,0,'2019-07-20 21:42:06','2018-09-09 13:46:33'),
(101,'Rumah Tinggal',1,1,0,3500000,NULL,0,'2019-07-20 21:42:06','2018-09-09 13:46:33'),
(102,'Merajan/Pura',5,1,0,4000000,NULL,0,'2019-07-20 21:42:06','2018-09-09 13:46:33'),
(103,'Langgar/Mushola/Mesjid',9,1,0,4000000,NULL,0,'2019-07-20 21:42:06','2018-09-09 13:46:33'),
(104,'Katedral/Gereja',13,1,0,4000000,NULL,0,'2019-07-20 21:42:06','2018-09-09 13:46:33'),
(105,'Klenteng/ Vihara',17,1,0,4000000,NULL,0,'2019-07-20 21:42:06','2018-09-09 13:46:33'),
(106,'Kantor',21,1,0,4000000,NULL,0,'2019-07-20 21:42:06','2018-09-09 13:46:33'),
(107,'Pertokoan/Ruko/Rukan',25,1,0,3500000,NULL,0,'2019-07-20 21:42:06','2018-09-09 13:46:33'),
(108,'Pasar Modern',29,1,0,3500000,NULL,0,'2019-07-20 21:42:06','2018-09-09 13:46:33'),
(109,'Mall/Super Market',33,1,0,4000000,NULL,0,'2019-07-20 21:42:06','2018-09-09 13:46:33'),
(110,'Hotel/Villa/Penginapan, Dll',37,1,0,5000000,NULL,0,'2019-07-20 21:42:06','2018-09-09 13:46:33'),
(111,'Restourant/Rumah Makan/Caffee',41,1,0,3500000,NULL,0,'2019-07-20 21:42:06','2018-09-09 13:46:33'),
(112,'Warung/Kios',45,1,0,3000000,NULL,0,'2019-07-20 21:42:06','2018-09-09 13:46:33'),
(113,'Showroom/Bengkel',49,1,0,3500000,NULL,0,'2019-07-20 21:42:06','2018-09-09 13:46:33'),
(114,'Bangunan Olah Raga',53,1,0,4500000,NULL,0,'2019-07-20 21:42:06','2018-09-09 13:46:33'),
(115,'Bangunan Kesenian',57,1,0,4500000,NULL,0,'2019-07-20 21:42:06','2018-09-09 13:46:33'),
(116,'Bangunan Pasar Tradisional',61,1,0,4000000,NULL,0,'2019-07-20 21:42:06','2018-09-09 13:46:33'),
(117,'Bangunan Kesehatan',65,1,0,4000000,NULL,0,'2019-07-20 21:42:06','2018-09-09 13:46:33'),
(118,'Bangunan Pendidikan',69,1,0,4000000,NULL,0,'2019-07-20 21:42:06','2018-09-09 13:46:33'),
(119,'Bangunan Terminal',73,1,0,3500000,NULL,0,'2019-07-20 21:42:06','2018-09-09 13:46:33'),
(120,'Bangunan Panti Asuhan/Jompo',77,1,0,3500000,NULL,0,'2019-07-20 21:42:06','2018-09-09 13:46:33'),
(121,'Bangunan Adat',81,1,0,4000000,NULL,0,'2019-07-20 21:42:06','2018-09-09 13:46:33'),
(122,'Hotel & Tempat Rekreasi/Convention Center',85,1,0,5000000,NULL,0,'2019-07-20 21:42:06','2018-09-09 13:46:33'),
(123,'Shoping Center',89,1,0,4500000,NULL,0,'2019-07-20 21:42:06','2018-09-09 13:46:33'),
(124,'Sport Hall',93,1,0,4500000,NULL,0,'2019-07-20 21:42:06','2018-09-09 13:46:33'),
(125,'Bangunan Tempat Hiburan/Rekreasi',97,1,0,4000000,NULL,0,'2019-07-20 21:42:06','2018-09-09 13:46:33'),
(126,'Rumah Tinggal',2,1,0,3000000,NULL,0,'2019-07-20 21:42:06','2018-09-09 13:46:33'),
(127,'Merajan/Pura',6,1,0,3500000,NULL,0,'2019-07-20 21:42:06','2018-09-09 13:46:33'),
(128,'Langgar/Mushola/Mesjid',10,1,0,3500000,NULL,0,'2019-07-20 21:42:06','2018-09-09 13:46:33'),
(129,'Katedral/Gereja',14,1,0,3500000,NULL,0,'2019-07-20 21:42:06','2018-09-09 13:46:33'),
(130,'Klenteng/ Vihara',18,1,0,3500000,NULL,0,'2019-07-20 21:42:06','2018-09-09 13:46:33'),
(131,'Kantor',22,1,0,3500000,NULL,0,'2019-07-20 21:42:06','2018-09-09 13:46:33'),
(132,'Pertokoan/Ruko/Rukan',26,1,0,3000000,NULL,0,'2019-07-20 21:42:06','2018-09-09 13:46:33'),
(133,'Pasar Modern',30,1,0,3000000,NULL,0,'2019-07-20 21:42:06','2018-09-09 13:46:33'),
(134,'Mall/Super Market',34,1,0,3500000,NULL,0,'2019-07-20 21:42:06','2018-09-09 13:46:33'),
(135,'Hotel/Villa/Penginapan, Dll',38,1,0,4500000,NULL,0,'2019-07-20 21:42:06','2018-09-09 13:46:33'),
(136,'Restourant/Rumah Makan/Caffee',42,1,0,3000000,NULL,0,'2019-07-20 21:42:06','2018-09-09 13:46:33'),
(137,'Warung/Kios',46,1,0,2500000,NULL,0,'2019-07-20 21:42:06','2018-09-09 13:46:33'),
(138,'Showroom/Bengkel',50,1,0,3000000,NULL,0,'2019-07-20 21:42:06','2018-09-09 13:46:33'),
(139,'Bangunan Olah Raga',54,1,0,4000000,NULL,0,'2019-07-20 21:42:06','2018-09-09 13:46:33'),
(140,'Bangunan Kesenian',58,1,0,4000000,NULL,0,'2019-07-20 21:42:06','2018-09-09 13:46:33'),
(141,'Bangunan Pasar Tradisional',62,1,0,3500000,NULL,0,'2019-07-20 21:42:06','2018-09-09 13:46:33'),
(142,'Bangunan Kesehatan',66,1,0,3500000,NULL,0,'2019-07-20 21:42:06','2018-09-09 13:46:33'),
(143,'Bangunan Pendidikan',70,1,0,3500000,NULL,0,'2019-07-20 21:42:06','2018-09-09 13:46:33'),
(144,'Bangunan Terminal',74,1,0,3000000,NULL,0,'2019-07-20 21:42:06','2018-09-09 13:46:33'),
(145,'Bangunan Panti Asuhan/Jompo',78,1,0,3000000,NULL,0,'2019-07-20 21:42:06','2018-09-09 13:46:33'),
(146,'Bangunan Adat',82,1,0,3500000,NULL,0,'2019-07-20 21:42:06','2018-09-09 13:46:33'),
(147,'Hotel & Tempat Rekreasi/Convention Center',86,1,0,4500000,NULL,0,'2019-07-20 21:42:06','2018-09-09 13:46:33'),
(148,'Shoping Center',90,1,0,4000000,NULL,0,'2019-07-20 21:42:06','2018-09-09 13:46:33'),
(149,'Sport Hall',94,1,0,4000000,NULL,0,'2019-07-20 21:42:06','2018-09-09 13:46:33'),
(150,'Bangunan Tempat Hiburan/',101,1,0,3500000,NULL,0,'2019-07-20 21:42:06','2018-09-09 13:46:33'),
(151,'Rekreasi',103,1,0,0,NULL,0,'2019-07-20 21:42:06','2018-09-09 13:46:33'),
(152,'Rumah Tinggal',3,1,0,2700000,NULL,0,'2019-07-20 21:42:06','2018-09-09 13:46:33'),
(153,'Merajan/Pura',7,1,0,3000000,NULL,0,'2019-07-20 21:42:06','2018-09-09 13:46:33'),
(154,'Langgar/Mushola/Mesjid',11,1,0,3000000,NULL,0,'2019-07-20 21:42:06','2018-09-09 13:46:33'),
(155,'Katedral/Gereja',15,1,0,3000000,NULL,0,'2019-07-20 21:42:06','2018-09-09 13:46:33'),
(156,'Klenteng/ Vihara',19,1,0,3000000,NULL,0,'2019-07-20 21:42:06','2018-09-09 13:46:33'),
(157,'Kantor',23,1,0,3000000,NULL,0,'2019-07-20 21:42:06','2018-09-09 13:46:33'),
(158,'Pertokoan/Ruko/Rukan',27,1,0,2500000,NULL,0,'2019-07-20 21:42:06','2018-09-09 13:46:33'),
(159,'Pasar Modern',31,1,0,2500000,NULL,0,'2019-07-20 21:42:06','2018-09-09 13:46:33'),
(160,'Mall/Super Market',35,1,0,2700000,NULL,0,'2019-07-20 21:42:06','2018-09-09 13:46:33'),
(161,'Hotel/Villa/Penginapan, Dll',39,1,0,4000000,NULL,0,'2019-07-20 21:42:06','2018-09-09 13:46:33'),
(162,'Restourant/Rumah Makan/Caffee',43,1,0,2700000,NULL,0,'2019-07-20 21:42:06','2018-09-09 13:46:33'),
(163,'Warung/Kios',47,1,0,2000000,NULL,0,'2019-07-20 21:42:06','2018-09-09 13:46:33'),
(164,'Showroom/Bengkel',51,1,0,2500000,NULL,0,'2019-07-20 21:42:06','2018-09-09 13:46:33'),
(165,'Bangunan Olah Raga',55,1,0,3000000,NULL,0,'2019-07-20 21:42:06','2018-09-09 13:46:33'),
(166,'Bangunan Kesenian',59,1,0,3500000,NULL,0,'2019-07-20 21:42:06','2018-09-09 13:46:33'),
(167,'Bangunan Pasar Tradisional',63,1,0,3000000,NULL,0,'2019-07-20 21:42:06','2018-09-09 13:46:33'),
(168,'Bangunan Kesehatan',67,1,0,3000000,NULL,0,'2019-07-20 21:42:06','2018-09-09 13:46:33'),
(169,'Bangunan Pendidikan',71,1,0,3000000,NULL,0,'2019-07-20 21:42:06','2018-09-09 13:46:33'),
(170,'Bangunan Terminal',75,1,0,2700000,NULL,0,'2019-07-20 21:42:06','2018-09-09 13:46:33'),
(171,'Bangunan Panti Asuhan/Jompo',79,1,0,2700000,NULL,0,'2019-07-20 21:42:06','2018-09-09 13:46:33'),
(172,'Bangunan Adat',83,1,0,3000000,NULL,0,'2019-07-20 21:42:06','2018-09-09 13:46:33'),
(173,'Hotel & Tempat Rekreasi/Convention Center',87,1,0,4000000,NULL,0,'2019-07-20 21:42:06','2018-09-09 13:46:33'),
(174,'Shoping Center',91,1,0,3500000,NULL,0,'2019-07-20 21:42:06','2018-09-09 13:46:33'),
(175,'Sport Hall',95,1,0,3500000,NULL,0,'2019-07-20 21:42:06','2018-09-09 13:46:33'),
(176,'Bangunan Tempat Hiburan/',102,1,0,3000000,NULL,0,'2019-07-20 21:42:06','2018-09-09 13:46:33'),
(177,'Rekreasi',104,1,0,0,NULL,0,'2019-07-20 21:42:06','2018-09-09 13:46:33'),
(178,'Rumah Tinggal',4,1,0,0,NULL,0,'2019-07-20 21:42:06','2018-09-09 13:46:33'),
(179,'Merajan/Pura',8,1,0,0,NULL,0,'2019-07-20 21:42:06','2018-09-09 13:46:33'),
(180,'Langgar/Mushola/Mesjid',12,1,0,0,NULL,0,'2019-07-20 21:42:06','2018-09-09 13:46:33'),
(181,'Katedral/Gereja',16,1,0,0,NULL,0,'2019-07-20 21:42:06','2018-09-09 13:46:33'),
(182,'Klenteng/ Vihara',20,1,0,0,NULL,0,'2019-07-20 21:42:06','2018-09-09 13:46:33'),
(183,'Kantor',24,1,0,0,NULL,0,'2019-07-20 21:42:06','2018-09-09 13:46:33'),
(184,'Pertokoan/Ruko/Rukan',28,1,0,0,NULL,0,'2019-07-20 21:42:06','2018-09-09 13:46:33'),
(185,'Pasar Modern',32,1,0,0,NULL,0,'2019-07-20 21:42:06','2018-09-09 13:46:33'),
(186,'Mall/Super Market',36,1,0,0,NULL,0,'2019-07-20 21:42:06','2018-09-09 13:46:33'),
(187,'Hotel/Villa/Penginapan, Dll',40,1,0,0,NULL,0,'2019-07-20 21:42:06','2018-09-09 13:46:33'),
(188,'Restourant/Rumah Makan/Caffee',44,1,0,0,NULL,0,'2019-07-20 21:42:06','2018-09-09 13:46:33'),
(189,'Warung/Kios',48,1,0,0,NULL,0,'2019-07-20 21:42:06','2018-09-09 13:46:33'),
(190,'Showroom/Bengkel',52,1,0,0,NULL,0,'2019-07-20 21:42:06','2018-09-09 13:46:33'),
(191,'Bangunan Olah Raga',56,1,0,0,NULL,0,'2019-07-20 21:42:06','2018-09-09 13:46:33'),
(192,'Bangunan Kesenian',60,1,0,0,NULL,0,'2019-07-20 21:42:06','2018-09-09 13:46:33'),
(193,'Bangunan Pasar Tradisional',64,1,0,0,NULL,0,'2019-07-20 21:42:06','2018-09-09 13:46:33'),
(194,'Bangunan Kesehatan',68,1,0,0,NULL,0,'2019-07-20 21:42:06','2018-09-09 13:46:33'),
(195,'Bangunan Pendidikan',72,1,0,0,NULL,0,'2019-07-20 21:42:06','2018-09-09 13:46:33'),
(196,'Bangunan Terminal',76,1,0,0,NULL,0,'2019-07-20 21:42:06','2018-09-09 13:46:33'),
(197,'Bangunan Panti Asuhan/Jompo',80,1,0,0,NULL,0,'2019-07-20 21:42:06','2018-09-09 13:46:33'),
(198,'Bangunan Adat',84,1,0,0,NULL,0,'2019-07-20 21:42:06','2018-09-09 13:46:33'),
(199,'Hotel & Tempat Rekreasi/Convention Center',88,1,0,0,NULL,0,'2019-07-20 21:42:06','2018-09-09 13:46:33'),
(200,'Shoping Center',92,1,0,0,NULL,0,'2019-07-20 21:42:06','2018-09-09 13:46:33'),
(201,'Sport Hall',96,1,0,0,NULL,0,'2019-07-20 21:42:06','2018-09-09 13:46:33'),
(202,'Bangunan Tempat Hiburan/Rekreasi',100,1,0,0,NULL,0,'2019-07-20 21:42:06','2018-09-09 13:46:33'),
(203,'Pagar',105,0,1,450000,'m',0,'2019-07-20 21:42:06','2018-09-09 13:46:33'),
(204,'Tanggul/Retaining Wall',109,0,1,500000,'m3',0,'2019-07-20 21:42:06','2018-09-09 13:46:33'),
(205,'Turap batas kavling/persil',113,0,1,500000,'m3',0,'2019-07-20 21:42:06','2018-09-09 13:46:33'),
(206,'Gapura (manusia/motor)',117,0,1,10000000,'unit',0,'2019-07-20 21:42:06','2018-09-09 13:46:33'),
(207,'Gerbang (mobil)',121,0,1,20000000,'unit',0,'2019-07-20 21:42:06','2018-09-09 13:46:33'),
(208,'Jalan',125,0,1,700000,'m2',0,'2019-07-20 21:42:06','2018-09-09 13:46:33'),
(209,'Lapangan Upacara',129,0,1,110000,'m2',0,'2019-07-20 21:42:06','2018-09-09 13:46:33'),
(210,'Lapangan Olah Raga Terbuka',133,0,1,110000,'m2',0,'2019-07-20 21:42:06','2018-09-09 13:46:33'),
(211,'Areal Parkir',137,0,1,125000,'m2',0,'2019-07-20 21:42:06','2018-09-09 13:46:33'),
(212,'Jembatan',141,0,1,4750000,'m2',0,'2019-07-20 21:42:06','2018-09-09 13:46:33'),
(213,'Box Culvert',145,0,1,3250000,'m2',0,'2019-07-20 21:42:06','2018-09-09 13:46:33'),
(214,'Plat Deuker',149,0,1,2500000,'m2',0,'2019-07-20 21:42:06','2018-09-09 13:46:33'),
(215,'Gorong-gorong',153,0,1,1250000,'m2',0,'2019-07-20 21:42:06','2018-09-09 13:46:33'),
(216,'Kolam Renang',157,0,1,1250000,'m3',0,'2019-07-20 21:42:06','2018-09-09 13:46:33'),
(217,'Kolam Pengolahan Air',161,0,1,450000,'m3',0,'2019-07-20 21:42:06','2018-09-09 13:46:33'),
(218,'Reservoir Bawah Tanah',165,0,1,750000,'m3',0,'2019-07-20 21:42:06','2018-09-09 13:46:33'),
(219,'Menara Antena',169,0,1,2750000,'m',0,'2019-07-20 21:42:06','2018-09-09 13:46:33'),
(220,'Menara Air',173,0,1,2500000,'m',0,'2019-07-20 21:42:06','2018-09-09 13:46:33'),
(221,'Cerobong',177,0,1,1750000,'m',0,'2019-07-20 21:42:06','2018-09-09 13:46:33'),
(222,'Tugu',181,0,1,3000000,'m2',0,'2019-07-20 21:42:06','2018-09-09 13:46:33'),
(223,'Patung',185,0,1,4500000,'m2',0,'2019-07-20 21:42:06','2018-09-09 13:46:33'),
(224,'Gardu Listrik',189,0,1,3500000,'m2',0,'2019-07-20 21:42:06','2018-09-09 13:46:33'),
(225,'Gardu Telepon',193,0,1,4750000,'m2',0,'2019-07-20 21:42:06','2018-09-09 13:46:33'),
(226,'Instalasi Pengolahan',197,0,1,3500000,'m2',0,'2019-07-20 21:42:06','2018-09-09 13:46:33'),
(227,'Billboard',201,0,1,2500000,'m2',0,'2019-07-20 21:42:06','2018-09-09 13:46:33'),
(228,'Papan Iklan',205,0,1,1750000,'m2',0,'2019-07-20 21:42:06','2018-09-09 13:46:33'),
(229,'Papan Nama (Berdiri sendiri atau berupa tembok pagar)',209,0,1,2000000,'m2',0,'2019-07-20 21:42:06','2018-09-09 13:46:33'),
(230,'Pagar',106,0,1,150000,'m',0,'2019-07-20 21:42:06','2018-09-09 13:46:33'),
(231,'Tanggul/Retaining Wall',110,0,1,175000,'m3',0,'2019-07-20 21:42:06','2018-09-09 13:46:33'),
(232,'Turap batas kavling/persil',114,0,1,175000,'m3',0,'2019-07-20 21:42:06','2018-09-09 13:46:33'),
(233,'Gapura (manusia/motor)',118,0,1,1500000,'unit',0,'2019-07-20 21:42:06','2018-09-09 13:46:33'),
(234,'Gerbang (mobil)',122,0,1,2500000,'unit',0,'2019-07-20 21:42:06','2018-09-09 13:46:33'),
(235,'Jalan',126,0,1,125000,'m2',0,'2019-07-20 21:42:06','2018-09-09 13:46:33'),
(236,'Lapangan Upacara',130,0,1,35000,'m2',0,'2019-07-20 21:42:06','2018-09-09 13:46:33'),
(237,'Lapangan Olah Raga Terbuka',134,0,1,35000,'m2',0,'2019-07-20 21:42:06','2018-09-09 13:46:33'),
(238,'Areal Parkir',138,0,1,40000,'m2',0,'2019-07-20 21:42:06','2018-09-09 13:46:33'),
(239,'Jembatan',142,0,1,1750000,'m2',0,'2019-07-20 21:42:06','2018-09-09 13:46:33'),
(240,'Box Culvert',146,0,1,850000,'m2',0,'2019-07-20 21:42:06','2018-09-09 13:46:33'),
(241,'Plat Deuker',150,0,1,350000,'m2',0,'2019-07-20 21:42:06','2018-09-09 13:46:33'),
(242,'Gorong-gorong',154,0,1,250000,'m2',0,'2019-07-20 21:42:06','2018-09-09 13:46:33'),
(243,'Kolam Renang',158,0,1,125000,'m3',0,'2019-07-20 21:42:06','2018-09-09 13:46:33'),
(244,'Kolam Pengolahan Air',162,0,1,75000,'m3',0,'2019-07-20 21:42:06','2018-09-09 13:46:33'),
(245,'Reservoir Bawah Tanah',166,0,1,150000,'m3',0,'2019-07-20 21:42:06','2018-09-09 13:46:33'),
(246,'Menara Antena',170,0,1,350000,'m',0,'2019-07-20 21:42:06','2018-09-09 13:46:33'),
(247,'Menara Air',174,0,1,275000,'m',0,'2019-07-20 21:42:06','2018-09-09 13:46:33'),
(248,'Cerobong',178,0,1,125000,'m',0,'2019-07-20 21:42:06','2018-09-09 13:46:33'),
(249,'Tugu',182,0,1,300000,'m2',0,'2019-07-20 21:42:06','2018-09-09 13:46:33'),
(250,'Patung',186,0,1,450000,'m2',0,'2019-07-20 21:42:06','2018-09-09 13:46:33'),
(251,'Gardu Listrik',190,0,1,350000,'m2',0,'2019-07-20 21:42:06','2018-09-09 13:46:33'),
(252,'Gardu Telepon',194,0,1,300000,'m2',0,'2019-07-20 21:42:06','2018-09-09 13:46:33'),
(253,'Instalasi Pengolahan',198,0,1,350000,'m2',0,'2019-07-20 21:42:06','2018-09-09 13:46:33'),
(254,'Billboard',202,0,1,250000,'m2',0,'2019-07-20 21:42:06','2018-09-09 13:46:33'),
(255,'Papan Iklan',206,0,1,150000,'m2',0,'2019-07-20 21:42:06','2018-09-09 13:46:33'),
(256,'Papan Nama (Berdiri sendiri atau berupa tembok pagar)',210,0,1,150000,'m2',0,'2019-07-20 21:42:06','2018-09-09 13:46:33'),
(257,'Pagar',107,0,1,250000,'m',0,'2019-07-20 21:42:06','2018-09-09 13:46:33'),
(258,'Tanggul/Retaining Wall',111,0,1,200000,'m3',0,'2019-07-20 21:42:06','2018-09-09 13:46:33'),
(259,'Turap batas kavling/persil',115,0,1,200000,'m3',0,'2019-07-20 21:42:06','2018-09-09 13:46:33'),
(260,'Gapura (manusia/motor)',119,0,1,2000000,'unit',0,'2019-07-20 21:42:06','2018-09-09 13:46:33'),
(261,'Gerbang (mobil)',123,0,1,3500000,'unit',0,'2019-07-20 21:42:06','2018-09-09 13:46:33'),
(262,'Jalan',127,0,1,200000,'m2',0,'2019-07-20 21:42:06','2018-09-09 13:46:33'),
(263,'Lapangan Upacara',131,0,1,55000,'m2',0,'2019-07-20 21:42:06','2018-09-09 13:46:33'),
(264,'Lapangan Olah Raga Terbuka',135,0,1,55000,'m2',0,'2019-07-20 21:42:06','2018-09-09 13:46:33'),
(265,'Areal Parkir',139,0,1,60000,'m2',0,'2019-07-20 21:42:06','2018-09-09 13:46:33'),
(266,'Jembatan',143,0,1,2500000,'m2',0,'2019-07-20 21:42:06','2018-09-09 13:46:33'),
(267,'Box Culvert',147,0,1,1250000,'m2',0,'2019-07-20 21:42:06','2018-09-09 13:46:33'),
(268,'Plat Deuker',151,0,1,500000,'m2',0,'2019-07-20 21:42:06','2018-09-09 13:46:33'),
(269,'Gorong-gorong',155,0,1,450000,'m2',0,'2019-07-20 21:42:06','2018-09-09 13:46:33'),
(270,'Kolam Renang',159,0,1,250000,'m3',0,'2019-07-20 21:42:06','2018-09-09 13:46:33'),
(271,'Kolam Pengolahan Air',163,0,1,125000,'m3',0,'2019-07-20 21:42:06','2018-09-09 13:46:33'),
(272,'Reservoir Bawah Tanah',167,0,1,250000,'m3',0,'2019-07-20 21:42:06','2018-09-09 13:46:33'),
(273,'Menara Antena',171,0,1,650000,'m',0,'2019-07-20 21:42:06','2018-09-09 13:46:33'),
(274,'Menara Air',175,0,1,350000,'m',0,'2019-07-20 21:42:06','2018-09-09 13:46:33'),
(275,'Cerobong',179,0,1,250000,'m',0,'2019-07-20 21:42:06','2018-09-09 13:46:33'),
(276,'Tugu',183,0,1,450000,'m2',0,'2019-07-20 21:42:06','2018-09-09 13:46:33'),
(277,'Patung',187,0,1,700000,'m2',0,'2019-07-20 21:42:06','2018-09-09 13:46:33'),
(278,'Gardu Listrik',191,0,1,600000,'m2',0,'2019-07-20 21:42:06','2018-09-09 13:46:33'),
(279,'Gardu Telepon',195,0,1,500000,'m2',0,'2019-07-20 21:42:06','2018-09-09 13:46:33'),
(280,'Instalasi Pengolahan',199,0,1,600000,'m2',0,'2019-07-20 21:42:06','2018-09-09 13:46:33'),
(281,'Billboard',203,0,1,400000,'m2',0,'2019-07-20 21:42:06','2018-09-09 13:46:33'),
(282,'Papan Iklan',207,0,1,250000,'m2',0,'2019-07-20 21:42:06','2018-09-09 13:46:33'),
(283,'Papan Nama (Berdiri sendiri atau berupa tembok pagar)',211,0,1,300000,'m2',0,'2019-07-20 21:42:06','2018-09-09 13:46:33'),
(284,'Pagar',108,0,1,300000,'m',0,'2019-07-20 21:42:06','2018-09-09 13:46:33'),
(285,'Tanggul/Retaining Wall',112,0,1,250000,'m3',0,'2019-07-20 21:42:06','2018-09-09 13:46:33'),
(286,'Turap batas kavling/persil',116,0,1,250000,'m3',0,'2019-07-20 21:42:06','2018-09-09 13:46:33'),
(287,'Gapura (manusia/motor)',120,0,1,3000000,'unit',0,'2019-07-20 21:42:06','2018-09-09 13:46:33'),
(288,'Gerbang (mobil)',124,0,1,4000000,'unit',0,'2019-07-20 21:42:06','2018-09-09 13:46:33'),
(289,'Jalan',128,0,1,300000,'m2',0,'2019-07-20 21:42:06','2018-09-09 13:46:33'),
(290,'Lapangan Upacara',132,0,1,75000,'m2',0,'2019-07-20 21:42:06','2018-09-09 13:46:33'),
(291,'Lapangan Olah Raga Terbuka',136,0,1,75000,'m2',0,'2019-07-20 21:42:06','2018-09-09 13:46:33'),
(292,'Areal Parkir',140,0,1,75000,'m2',0,'2019-07-20 21:42:06','2018-09-09 13:46:33'),
(293,'Jembatan',144,0,1,3000000,'m2',0,'2019-07-20 21:42:06','2018-09-09 13:46:33'),
(294,'Box Culvert',148,0,1,1750000,'m2',0,'2019-07-20 21:42:06','2018-09-09 13:46:33'),
(295,'Plat Deuker',152,0,1,750000,'m2',0,'2019-07-20 21:42:06','2018-09-09 13:46:33'),
(296,'Gorong-gorong',156,0,1,600000,'m2',0,'2019-07-20 21:42:06','2018-09-09 13:46:33'),
(297,'Kolam Renang',160,0,1,350000,'m3',0,'2019-07-20 21:42:06','2018-09-09 13:46:33'),
(298,'Kolam Pengolahan Air',164,0,1,200000,'m3',0,'2019-07-20 21:42:06','2018-09-09 13:46:33'),
(299,'Reservoir Bawah Tanah',168,0,1,400000,'m3',0,'2019-07-20 21:42:06','2018-09-09 13:46:33'),
(300,'Menara Antena',172,0,1,800000,'m',0,'2019-07-20 21:42:06','2018-09-09 13:46:33'),
(301,'Menara Air',176,0,1,500000,'m',0,'2019-07-20 21:42:06','2018-09-09 13:46:33'),
(302,'Cerobong',180,0,1,350000,'m',0,'2019-07-20 21:42:06','2018-09-09 13:46:33'),
(303,'Tugu',184,0,1,650000,'m2',0,'2019-07-20 21:42:06','2018-09-09 13:46:33'),
(304,'Patung',188,0,1,950000,'m2',0,'2019-07-20 21:42:06','2018-09-09 13:46:33'),
(305,'Gardu Listrik',192,0,1,950000,'m2',0,'2019-07-20 21:42:06','2018-09-09 13:46:33'),
(306,'Gardu Telepon',196,0,1,850000,'m2',0,'2019-07-20 21:42:06','2018-09-09 13:46:33'),
(307,'Instalasi Pengolahan',200,0,1,950000,'m2',0,'2019-07-20 21:42:06','2018-09-09 13:46:33'),
(308,'Billboard',204,0,1,650000,'m2',0,'2019-07-20 21:42:06','2018-09-09 13:46:33'),
(309,'Papan Iklan',208,0,1,400000,'m2',0,'2019-07-20 21:42:06','2018-09-09 13:46:33'),
(310,'Papan Nama (Berdiri sendiri atau berupa tembok pagar)',212,0,1,450000,'m2',0,'2019-07-20 21:42:06','2018-09-09 13:46:33');

/*Table structure for table `m_jenis_bangunan` */

DROP TABLE IF EXISTS `m_jenis_bangunan`;

CREATE TABLE `m_jenis_bangunan` (
  `id` int(11) NOT NULL AUTO_INCREMENT,
  `id_fungsi` int(11) DEFAULT NULL COMMENT 'm_fungsi',
  `nama` varchar(255) DEFAULT NULL,
  `flag_delete` tinyint(4) DEFAULT NULL,
  `created_at` timestamp NOT NULL DEFAULT CURRENT_TIMESTAMP ON UPDATE CURRENT_TIMESTAMP,
  `updated_at` timestamp NOT NULL DEFAULT '0000-00-00 00:00:00',
  PRIMARY KEY (`id`)
) ENGINE=InnoDB AUTO_INCREMENT=55 DEFAULT CHARSET=latin1;

/*Data for the table `m_jenis_bangunan` */

insert  into `m_jenis_bangunan`(`id`,`id_fungsi`,`nama`,`flag_delete`,`created_at`,`updated_at`) values 
(1,1,'Rumah Tinggal',0,'2019-07-20 15:14:18','2019-07-20 15:14:18'),
(2,2,'Merajan/Pura',0,'2019-07-20 15:14:18','2019-07-20 15:14:18'),
(3,2,'Langgar/Mushola/Mesjid',0,'2019-07-20 15:14:18','2019-07-20 15:14:18'),
(4,2,'Katedral/Gereja',0,'2019-07-20 15:14:18','2019-07-20 15:14:18'),
(5,2,'Klenteng/ Vihara',0,'2019-07-20 15:14:18','2019-07-20 15:14:18'),
(6,3,'Kantor',0,'2019-07-20 15:14:18','2019-07-20 15:14:18'),
(7,3,'Pertokoan/Ruko/Rukan',0,'2019-07-20 15:14:18','2019-07-20 15:14:18'),
(8,3,'Pasar Modern',0,'2019-07-20 15:14:18','2019-07-20 15:14:18'),
(9,3,'Mall/Super Market',0,'2019-07-20 15:14:18','2019-07-20 15:14:18'),
(10,3,'Hotel/Villa/Penginapan, Dll',0,'2019-07-20 15:14:18','2019-07-20 15:14:18'),
(11,3,'Restourant/Rumah Makan/Caffee',0,'2019-07-20 15:14:18','2019-07-20 15:14:18'),
(12,3,'Warung/Kios',0,'2019-07-20 15:14:18','2019-07-20 15:14:18'),
(13,3,'Showroom/Bengkel',0,'2019-07-20 15:14:18','2019-07-20 15:14:18'),
(14,4,'Bangunan Olah Raga',0,'2019-07-20 15:14:18','2019-07-20 15:14:18'),
(15,4,'Bangunan Kesenian',0,'2019-07-20 15:14:18','2019-07-20 15:14:18'),
(16,4,'Bangunan Pasar Tradisional',0,'2019-07-20 15:14:18','2019-07-20 15:14:18'),
(17,4,'Bangunan Kesehatan',0,'2019-07-20 15:14:18','2019-07-20 15:14:18'),
(18,4,'Bangunan Pendidikan',0,'2019-07-20 15:14:18','2019-07-20 15:14:18'),
(19,4,'Bangunan Terminal',0,'2019-07-20 15:14:18','2019-07-20 15:14:18'),
(20,4,'Bangunan Panti Asuhan/Jompo',0,'2019-07-20 15:14:18','2019-07-20 15:14:18'),
(21,4,'Bangunan Adat',0,'2019-07-20 15:14:18','2019-07-20 15:14:18'),
(22,6,'Hotel & Tempat Rekreasi/Convention Center',0,'2019-07-20 15:14:18','2019-07-20 15:14:18'),
(23,6,'Shoping Center',0,'2019-07-20 15:14:18','2019-07-20 15:14:18'),
(24,6,'Sport Hall',0,'2019-07-20 15:14:18','2019-07-20 15:14:18'),
(25,6,'Bangunan Tempat Hiburan/Rekreasi',0,'2019-07-20 15:14:18','2019-07-20 15:14:18'),
(26,6,'Bangunan Tempat Hiburan/',0,'2019-07-20 15:14:18','2019-07-20 15:14:18'),
(27,6,'Rekreasi',0,'2019-07-20 15:14:18','2019-07-20 15:14:18'),
(28,7,'Pagar',0,'2019-07-20 15:14:18','2019-07-20 15:14:18'),
(29,7,'Tanggul/Retaining Wall',0,'2019-07-20 15:14:18','2019-07-20 15:14:18'),
(30,7,'Turap batas kavling/persil',0,'2019-07-20 15:14:18','2019-07-20 15:14:18'),
(31,8,'Gapura (manusia/motor)',0,'2019-07-20 15:14:18','2019-07-20 15:14:18'),
(32,8,'Gerbang (mobil)',0,'2019-07-20 15:14:18','2019-07-20 15:14:18'),
(33,9,'Jalan',0,'2019-07-20 15:14:18','2019-07-20 15:14:18'),
(34,9,'Lapangan Upacara',0,'2019-07-20 15:14:18','2019-07-20 15:14:18'),
(35,9,'Lapangan Olah Raga Terbuka',0,'2019-07-20 15:14:18','2019-07-20 15:14:18'),
(36,9,'Areal Parkir',0,'2019-07-20 15:14:18','2019-07-20 15:14:18'),
(37,10,'Jembatan',0,'2019-07-20 15:14:18','2019-07-20 15:14:18'),
(38,10,'Box Culvert',0,'2019-07-20 15:14:18','2019-07-20 15:14:18'),
(39,10,'Plat Deuker',0,'2019-07-20 15:14:18','2019-07-20 15:14:18'),
(40,10,'Gorong-gorong',0,'2019-07-20 15:14:18','2019-07-20 15:14:18'),
(41,11,'Kolam Renang',0,'2019-07-20 15:14:18','2019-07-20 15:14:18'),
(42,11,'Kolam Pengolahan Air',0,'2019-07-20 15:14:18','2019-07-20 15:14:18'),
(43,11,'Reservoir Bawah Tanah',0,'2019-07-20 15:14:18','2019-07-20 15:14:18'),
(44,12,'Menara Antena',0,'2019-07-20 15:14:18','2019-07-20 15:14:18'),
(45,12,'Menara Air',0,'2019-07-20 15:14:18','2019-07-20 15:14:18'),
(46,12,'Cerobong',0,'2019-07-20 15:14:18','2019-07-20 15:14:18'),
(47,13,'Tugu',0,'2019-07-20 15:14:18','2019-07-20 15:14:18'),
(48,13,'Patung',0,'2019-07-20 15:14:18','2019-07-20 15:14:18'),
(49,14,'Gardu Listrik',0,'2019-07-20 15:14:18','2019-07-20 15:14:18'),
(50,14,'Gardu Telepon',0,'2019-07-20 15:14:18','2019-07-20 15:14:18'),
(51,14,'Instalasi Pengolahan',0,'2019-07-20 15:14:18','2019-07-20 15:14:18'),
(52,15,'Billboard',0,'2019-07-20 15:14:18','2019-07-20 15:14:18'),
(53,15,'Papan Iklan',0,'2019-07-20 15:14:18','2019-07-20 15:14:18'),
(54,15,'Papan Nama (Berdiri sendiri atau berupa tembok pagar)',0,'2019-07-20 15:14:18','2019-07-20 15:14:18');

/*Table structure for table `m_jenis_imb` */

DROP TABLE IF EXISTS `m_jenis_imb`;

CREATE TABLE `m_jenis_imb` (
  `id` int(11) NOT NULL AUTO_INCREMENT,
  `nama` varchar(255) DEFAULT NULL,
  `indeks` decimal(6,2) DEFAULT '0.00',
  `flag_delete` tinyint(2) DEFAULT '0',
  `created_at` timestamp NOT NULL DEFAULT CURRENT_TIMESTAMP ON UPDATE CURRENT_TIMESTAMP,
  `updated_at` timestamp NOT NULL DEFAULT '0000-00-00 00:00:00',
  PRIMARY KEY (`id`)
) ENGINE=InnoDB AUTO_INCREMENT=7 DEFAULT CHARSET=latin1;

/*Data for the table `m_jenis_imb` */

insert  into `m_jenis_imb`(`id`,`nama`,`indeks`,`flag_delete`,`created_at`,`updated_at`) values 
(1,'IMB Pembangunan baru/penambahan',1.00,0,'2018-09-07 13:57:33','0000-00-00 00:00:00'),
(2,'IMB rehablitasi/renovasi berat',0.65,0,'2018-09-07 13:57:44','0000-00-00 00:00:00'),
(3,'IMB rehabilitasi/renovasi sedang',0.45,0,'2018-09-07 13:57:42','0000-00-00 00:00:00'),
(4,'IMB Pelestarian/pemugaran Pratama',0.65,0,'2018-09-10 15:57:43','0000-00-00 00:00:00'),
(5,'IMB Pelestarian/pemugaran Madya',0.45,0,'2018-09-10 15:57:49','0000-00-00 00:00:00'),
(6,'IMB Pelestarian/pemugaran Utama',0.30,0,'2018-09-10 15:57:53','0000-00-00 00:00:00');

/*Table structure for table `m_jenis_klasifikasi_bangunan` */

DROP TABLE IF EXISTS `m_jenis_klasifikasi_bangunan`;

CREATE TABLE `m_jenis_klasifikasi_bangunan` (
  `id` int(11) NOT NULL AUTO_INCREMENT,
  `id_jenis_bangunan` int(11) DEFAULT NULL,
  `id_klasifikasi` int(11) DEFAULT NULL COMMENT 'm_klasifikasi_bangunan',
  `created_at` timestamp NULL DEFAULT NULL,
  `updated_at` timestamp NULL DEFAULT NULL,
  PRIMARY KEY (`id`)
) ENGINE=InnoDB AUTO_INCREMENT=213 DEFAULT CHARSET=latin1;

/*Data for the table `m_jenis_klasifikasi_bangunan` */

insert  into `m_jenis_klasifikasi_bangunan`(`id`,`id_jenis_bangunan`,`id_klasifikasi`,`created_at`,`updated_at`) values 
(1,1,1,NULL,NULL),
(2,1,2,NULL,NULL),
(3,1,3,NULL,NULL),
(4,1,4,NULL,NULL),
(5,2,1,NULL,NULL),
(6,2,2,NULL,NULL),
(7,2,3,NULL,NULL),
(8,2,4,NULL,NULL),
(9,3,1,NULL,NULL),
(10,3,2,NULL,NULL),
(11,3,3,NULL,NULL),
(12,3,4,NULL,NULL),
(13,4,1,NULL,NULL),
(14,4,2,NULL,NULL),
(15,4,3,NULL,NULL),
(16,4,4,NULL,NULL),
(17,5,1,NULL,NULL),
(18,5,2,NULL,NULL),
(19,5,3,NULL,NULL),
(20,5,4,NULL,NULL),
(21,6,1,NULL,NULL),
(22,6,2,NULL,NULL),
(23,6,3,NULL,NULL),
(24,6,4,NULL,NULL),
(25,7,1,NULL,NULL),
(26,7,2,NULL,NULL),
(27,7,3,NULL,NULL),
(28,7,4,NULL,NULL),
(29,8,1,NULL,NULL),
(30,8,2,NULL,NULL),
(31,8,3,NULL,NULL),
(32,8,4,NULL,NULL),
(33,9,1,NULL,NULL),
(34,9,2,NULL,NULL),
(35,9,3,NULL,NULL),
(36,9,4,NULL,NULL),
(37,10,1,NULL,NULL),
(38,10,2,NULL,NULL),
(39,10,3,NULL,NULL),
(40,10,4,NULL,NULL),
(41,11,1,NULL,NULL),
(42,11,2,NULL,NULL),
(43,11,3,NULL,NULL),
(44,11,4,NULL,NULL),
(45,12,1,NULL,NULL),
(46,12,2,NULL,NULL),
(47,12,3,NULL,NULL),
(48,12,4,NULL,NULL),
(49,13,1,NULL,NULL),
(50,13,2,NULL,NULL),
(51,13,3,NULL,NULL),
(52,13,4,NULL,NULL),
(53,14,1,NULL,NULL),
(54,14,2,NULL,NULL),
(55,14,3,NULL,NULL),
(56,14,4,NULL,NULL),
(57,15,1,NULL,NULL),
(58,15,2,NULL,NULL),
(59,15,3,NULL,NULL),
(60,15,4,NULL,NULL),
(61,16,1,NULL,NULL),
(62,16,2,NULL,NULL),
(63,16,3,NULL,NULL),
(64,16,4,NULL,NULL),
(65,17,1,NULL,NULL),
(66,17,2,NULL,NULL),
(67,17,3,NULL,NULL),
(68,17,4,NULL,NULL),
(69,18,1,NULL,NULL),
(70,18,2,NULL,NULL),
(71,18,3,NULL,NULL),
(72,18,4,NULL,NULL),
(73,19,1,NULL,NULL),
(74,19,2,NULL,NULL),
(75,19,3,NULL,NULL),
(76,19,4,NULL,NULL),
(77,20,1,NULL,NULL),
(78,20,2,NULL,NULL),
(79,20,3,NULL,NULL),
(80,20,4,NULL,NULL),
(81,21,1,NULL,NULL),
(82,21,2,NULL,NULL),
(83,21,3,NULL,NULL),
(84,21,4,NULL,NULL),
(85,22,1,NULL,NULL),
(86,22,2,NULL,NULL),
(87,22,3,NULL,NULL),
(88,22,4,NULL,NULL),
(89,23,1,NULL,NULL),
(90,23,2,NULL,NULL),
(91,23,3,NULL,NULL),
(92,23,4,NULL,NULL),
(93,24,1,NULL,NULL),
(94,24,2,NULL,NULL),
(95,24,3,NULL,NULL),
(96,24,4,NULL,NULL),
(97,25,1,NULL,NULL),
(98,25,2,NULL,NULL),
(99,25,3,NULL,NULL),
(100,25,4,NULL,NULL),
(101,26,2,NULL,NULL),
(102,26,3,NULL,NULL),
(103,27,2,NULL,NULL),
(104,27,3,NULL,NULL),
(105,28,5,NULL,NULL),
(106,28,6,NULL,NULL),
(107,28,7,NULL,NULL),
(108,28,8,NULL,NULL),
(109,29,5,NULL,NULL),
(110,29,6,NULL,NULL),
(111,29,7,NULL,NULL),
(112,29,8,NULL,NULL),
(113,30,5,NULL,NULL),
(114,30,6,NULL,NULL),
(115,30,7,NULL,NULL),
(116,30,8,NULL,NULL),
(117,31,5,NULL,NULL),
(118,31,6,NULL,NULL),
(119,31,7,NULL,NULL),
(120,31,8,NULL,NULL),
(121,32,5,NULL,NULL),
(122,32,6,NULL,NULL),
(123,32,7,NULL,NULL),
(124,32,8,NULL,NULL),
(125,33,5,NULL,NULL),
(126,33,6,NULL,NULL),
(127,33,7,NULL,NULL),
(128,33,8,NULL,NULL),
(129,34,5,NULL,NULL),
(130,34,6,NULL,NULL),
(131,34,7,NULL,NULL),
(132,34,8,NULL,NULL),
(133,35,5,NULL,NULL),
(134,35,6,NULL,NULL),
(135,35,7,NULL,NULL),
(136,35,8,NULL,NULL),
(137,36,5,NULL,NULL),
(138,36,6,NULL,NULL),
(139,36,7,NULL,NULL),
(140,36,8,NULL,NULL),
(141,37,5,NULL,NULL),
(142,37,6,NULL,NULL),
(143,37,7,NULL,NULL),
(144,37,8,NULL,NULL),
(145,38,5,NULL,NULL),
(146,38,6,NULL,NULL),
(147,38,7,NULL,NULL),
(148,38,8,NULL,NULL),
(149,39,5,NULL,NULL),
(150,39,6,NULL,NULL),
(151,39,7,NULL,NULL),
(152,39,8,NULL,NULL),
(153,40,5,NULL,NULL),
(154,40,6,NULL,NULL),
(155,40,7,NULL,NULL),
(156,40,8,NULL,NULL),
(157,41,5,NULL,NULL),
(158,41,6,NULL,NULL),
(159,41,7,NULL,NULL),
(160,41,8,NULL,NULL),
(161,42,5,NULL,NULL),
(162,42,6,NULL,NULL),
(163,42,7,NULL,NULL),
(164,42,8,NULL,NULL),
(165,43,5,NULL,NULL),
(166,43,6,NULL,NULL),
(167,43,7,NULL,NULL),
(168,43,8,NULL,NULL),
(169,44,5,NULL,NULL),
(170,44,6,NULL,NULL),
(171,44,7,NULL,NULL),
(172,44,8,NULL,NULL),
(173,45,5,NULL,NULL),
(174,45,6,NULL,NULL),
(175,45,7,NULL,NULL),
(176,45,8,NULL,NULL),
(177,46,5,NULL,NULL),
(178,46,6,NULL,NULL),
(179,46,7,NULL,NULL),
(180,46,8,NULL,NULL),
(181,47,5,NULL,NULL),
(182,47,6,NULL,NULL),
(183,47,7,NULL,NULL),
(184,47,8,NULL,NULL),
(185,48,5,NULL,NULL),
(186,48,6,NULL,NULL),
(187,48,7,NULL,NULL),
(188,48,8,NULL,NULL),
(189,49,5,NULL,NULL),
(190,49,6,NULL,NULL),
(191,49,7,NULL,NULL),
(192,49,8,NULL,NULL),
(193,50,5,NULL,NULL),
(194,50,6,NULL,NULL),
(195,50,7,NULL,NULL),
(196,50,8,NULL,NULL),
(197,51,5,NULL,NULL),
(198,51,6,NULL,NULL),
(199,51,7,NULL,NULL),
(200,51,8,NULL,NULL),
(201,52,5,NULL,NULL),
(202,52,6,NULL,NULL),
(203,52,7,NULL,NULL),
(204,52,8,NULL,NULL),
(205,53,5,NULL,NULL),
(206,53,6,NULL,NULL),
(207,53,7,NULL,NULL),
(208,53,8,NULL,NULL),
(209,54,5,NULL,NULL),
(210,54,6,NULL,NULL),
(211,54,7,NULL,NULL),
(212,54,8,NULL,NULL);

/*Table structure for table `m_klasifikasi_bangunan` */

DROP TABLE IF EXISTS `m_klasifikasi_bangunan`;

CREATE TABLE `m_klasifikasi_bangunan` (
  `id` int(11) NOT NULL AUTO_INCREMENT,
  `nama` varchar(255) DEFAULT NULL,
  `is_bangunan_tambahan` tinyint(2) DEFAULT '0' COMMENT '0=Bangunan Utama; 1=bangunan pendukung;',
  `flag_delete` tinyint(2) DEFAULT '0',
  `created_at` timestamp NOT NULL DEFAULT CURRENT_TIMESTAMP ON UPDATE CURRENT_TIMESTAMP,
  `updated_at` timestamp NOT NULL DEFAULT '0000-00-00 00:00:00',
  PRIMARY KEY (`id`)
) ENGINE=InnoDB AUTO_INCREMENT=9 DEFAULT CHARSET=latin1;

/*Data for the table `m_klasifikasi_bangunan` */

insert  into `m_klasifikasi_bangunan`(`id`,`nama`,`is_bangunan_tambahan`,`flag_delete`,`created_at`,`updated_at`) values 
(1,'Mewah',0,0,'2018-09-07 13:37:52','0000-00-00 00:00:00'),
(2,'Bagus',0,0,'2018-09-07 13:37:52','0000-00-00 00:00:00'),
(3,'Standar',0,0,'2018-09-07 13:37:53','0000-00-00 00:00:00'),
(4,'Sederhana',0,0,'2018-09-07 13:37:54','0000-00-00 00:00:00'),
(5,'Baru',1,0,'2018-09-07 13:38:47','0000-00-00 00:00:00'),
(6,'Rehab Ringan',1,0,'2018-09-07 13:38:48','0000-00-00 00:00:00'),
(7,'Rehab Sedang',1,0,'2018-09-07 13:38:48','0000-00-00 00:00:00'),
(8,'Rehab Berat',1,0,'2018-09-07 13:38:49','0000-00-00 00:00:00');

/*Table structure for table `m_klasifikasi_parameter` */

DROP TABLE IF EXISTS `m_klasifikasi_parameter`;

CREATE TABLE `m_klasifikasi_parameter` (
  `id` int(11) NOT NULL AUTO_INCREMENT,
  `nama` varchar(255) DEFAULT NULL,
  `indeks` decimal(6,2) DEFAULT '0.00',
  `is_sum` tinyint(2) DEFAULT '0' COMMENT '0=tidak summary; 1=summary;',
  `is_jalan` tinyint(2) DEFAULT '0' COMMENT '0=bukan jalan; 1=jalan;',
  `is_waktu` tinyint(2) DEFAULT '0' COMMENT '0=bukan waktu; 1=waktu;',
  `flag_delete` tinyint(2) DEFAULT '0',
  `created_at` timestamp NOT NULL DEFAULT CURRENT_TIMESTAMP ON UPDATE CURRENT_TIMESTAMP,
  `updated_at` timestamp NOT NULL DEFAULT '0000-00-00 00:00:00',
  PRIMARY KEY (`id`)
) ENGINE=InnoDB AUTO_INCREMENT=10 DEFAULT CHARSET=latin1;

/*Data for the table `m_klasifikasi_parameter` */

insert  into `m_klasifikasi_parameter`(`id`,`nama`,`indeks`,`is_sum`,`is_jalan`,`is_waktu`,`flag_delete`,`created_at`,`updated_at`) values 
(1,'Kompleksitas',0.25,1,0,0,0,'2018-09-10 14:18:09','0000-00-00 00:00:00'),
(2,'Permanensi',0.20,1,0,0,0,'2018-09-10 14:18:08','0000-00-00 00:00:00'),
(3,'Resiko kebakaran',0.15,1,0,0,0,'2018-09-10 14:18:08','0000-00-00 00:00:00'),
(4,'Zona Gempa',0.15,1,0,0,0,'2018-09-10 14:18:07','0000-00-00 00:00:00'),
(5,'Lokasi (Kepadatan Bangunan Gedung)',0.10,1,0,0,0,'2018-09-10 14:18:07','0000-00-00 00:00:00'),
(6,'Ketinggian Bangunan Gedung',0.10,1,0,0,0,'2018-09-10 14:18:06','0000-00-00 00:00:00'),
(7,'Kepemilikan',0.05,1,0,0,0,'2018-09-10 14:18:06','0000-00-00 00:00:00'),
(8,'Waktu Penggunaan',1.00,0,0,1,0,'2018-09-10 14:28:49','0000-00-00 00:00:00'),
(9,'Indeks Jalan',1.00,0,1,0,0,'2018-09-10 14:28:52','0000-00-00 00:00:00');

/*Table structure for table `m_klasifikasi_parameter_detail` */

DROP TABLE IF EXISTS `m_klasifikasi_parameter_detail`;

CREATE TABLE `m_klasifikasi_parameter_detail` (
  `id` int(11) NOT NULL AUTO_INCREMENT,
  `id_klasifikasi_parameter` int(11) DEFAULT NULL COMMENT 'm_klasifikasi_parameter',
  `nama` varchar(255) DEFAULT NULL,
  `indeks` decimal(6,2) DEFAULT '0.00',
  `flag_delete` tinyint(2) DEFAULT '0',
  `created_at` timestamp NOT NULL DEFAULT CURRENT_TIMESTAMP ON UPDATE CURRENT_TIMESTAMP,
  `updated_at` timestamp NOT NULL DEFAULT '0000-00-00 00:00:00',
  PRIMARY KEY (`id`)
) ENGINE=InnoDB AUTO_INCREMENT=34 DEFAULT CHARSET=latin1;

/*Data for the table `m_klasifikasi_parameter_detail` */

insert  into `m_klasifikasi_parameter_detail`(`id`,`id_klasifikasi_parameter`,`nama`,`indeks`,`flag_delete`,`created_at`,`updated_at`) values 
(1,1,'Sederhana',0.40,0,'2018-09-10 14:07:33','0000-00-00 00:00:00'),
(2,1,'Tidak Sederhana',0.70,0,'2018-09-10 14:07:36','0000-00-00 00:00:00'),
(3,1,'Khusus',1.00,0,'2018-09-10 14:07:42','0000-00-00 00:00:00'),
(4,2,'Darurat',0.40,0,'2018-09-10 14:07:46','0000-00-00 00:00:00'),
(5,2,'Semi Permanen',0.70,0,'2018-09-10 14:07:50','0000-00-00 00:00:00'),
(6,2,'Permanen',1.00,0,'2018-09-10 14:07:51','0000-00-00 00:00:00'),
(7,3,'Rendah',0.40,0,'2018-09-10 14:07:53','0000-00-00 00:00:00'),
(8,3,'Sedang',0.70,0,'2018-09-10 14:08:07','0000-00-00 00:00:00'),
(9,3,'Tinggi',1.00,0,'2018-09-10 14:08:11','0000-00-00 00:00:00'),
(10,4,'Zona I/Minor',0.10,0,'2018-09-10 14:08:27','0000-00-00 00:00:00'),
(11,4,'Zona II/Minor',0.20,0,'2018-09-10 14:08:31','0000-00-00 00:00:00'),
(12,4,'Zona III/Sedang',0.40,0,'2018-09-10 14:08:33','0000-00-00 00:00:00'),
(13,5,'Renggang',0.40,0,'2018-09-10 14:09:03','0000-00-00 00:00:00'),
(14,5,'Sedang',0.70,0,'2018-09-10 14:09:06','0000-00-00 00:00:00'),
(15,5,'Padat',1.00,0,'2018-09-10 14:09:09','0000-00-00 00:00:00'),
(16,6,'Rendah',0.40,0,'2018-09-10 14:09:14','0000-00-00 00:00:00'),
(17,6,'Sedang',0.70,0,'2018-09-10 14:09:20','0000-00-00 00:00:00'),
(18,6,'Tinggi',1.00,0,'2018-09-10 14:09:23','0000-00-00 00:00:00'),
(19,7,'Negara/Yayasan',0.40,0,'2018-09-10 14:09:38','0000-00-00 00:00:00'),
(20,7,'Perorangan',0.70,0,'2018-09-10 14:09:43','0000-00-00 00:00:00'),
(21,7,'Badan Usaha Swasta',1.00,0,'2018-09-10 14:09:48','0000-00-00 00:00:00'),
(22,8,'SJ Pendek',0.40,0,'2018-09-10 14:09:57','0000-00-00 00:00:00'),
(23,8,'SJ Panjang',0.70,0,'2018-09-10 14:10:02','0000-00-00 00:00:00'),
(24,8,'Tetap',1.00,0,'2018-09-10 14:10:05','0000-00-00 00:00:00'),
(25,9,'Jl. Negara',0.40,0,'2018-09-10 14:10:12','0000-00-00 00:00:00'),
(26,9,'Jl. Propinsi',0.30,0,'2018-09-10 14:10:14','0000-00-00 00:00:00'),
(27,9,'Jl. Kabupaten',0.20,0,'2018-09-10 14:10:16','0000-00-00 00:00:00'),
(28,9,'Jl. Desa/Lingkungan',0.10,0,'2018-09-10 14:10:20','0000-00-00 00:00:00'),
(29,9,'Gang',0.20,0,'2018-09-10 14:10:27','0000-00-00 00:00:00'),
(31,4,'Zona IV/Sedang',0.50,0,'2018-09-10 14:08:41','0000-00-00 00:00:00'),
(32,4,'Zona V/Kuat',0.70,0,'2018-09-10 14:08:44','0000-00-00 00:00:00'),
(33,4,'Zona VI/Kuat',1.00,0,'2018-09-10 14:08:55','0000-00-00 00:00:00');

/*Table structure for table `m_pejabat` */

DROP TABLE IF EXISTS `m_pejabat`;

CREATE TABLE `m_pejabat` (
  `id` int(11) NOT NULL AUTO_INCREMENT,
  `nip_kepala_bidang` varchar(255) DEFAULT NULL,
  `kepala_bidang` varchar(255) DEFAULT NULL,
  `pangkat_kepala_bidang` varchar(255) DEFAULT NULL,
  `nip_kasi` varchar(255) DEFAULT NULL,
  `kasi` varchar(255) DEFAULT NULL,
  `pangkat_kasi` varchar(255) DEFAULT NULL,
  `created_at` timestamp NOT NULL DEFAULT CURRENT_TIMESTAMP ON UPDATE CURRENT_TIMESTAMP,
  `updated_at` timestamp NOT NULL DEFAULT '0000-00-00 00:00:00',
  PRIMARY KEY (`id`)
) ENGINE=InnoDB AUTO_INCREMENT=19 DEFAULT CHARSET=latin1;

/*Data for the table `m_pejabat` */

insert  into `m_pejabat`(`id`,`nip_kepala_bidang`,`kepala_bidang`,`pangkat_kepala_bidang`,`nip_kasi`,`kasi`,`pangkat_kasi`,`created_at`,`updated_at`) values 
(1,'-','-','-','-','-','-','2019-07-17 14:45:36','0000-00-00 00:00:00'),
(2,'19801110 200501 1 015','I Nengah Bayu Pramana, ST., MT','Pembina','19840906 201101 1 004','I Gusti Made Artha Wijaya, ST','Penata','2019-07-20 00:12:57','2019-07-20 00:12:57'),
(3,'19801110 200501 1 015','I Nengah Bayu Pramana, ST., MT','Pembina','19840906 201101 1 004','I Gusti Made Artha Wijaya, ST','Penata','2019-07-21 00:35:17','2019-07-21 00:35:17'),
(4,'19801110 200501 1 015','I Nengah Bayu Pramana, ST., MT','Pembina','19840906 201101 1 004','I Gusti Made Artha Wijaya, ST','Penata','2019-07-21 00:35:47','2019-07-21 00:35:47'),
(5,'19801110 200501 1 015','I Nengah Bayu Pramana, ST., MT','Pembina','19840906 201101 1 004','I Gusti Made Artha Wijaya, ST','Penata','2019-07-21 00:35:49','2019-07-21 00:35:49'),
(6,'19801110 200501 1 015','I Nengah Bayu Pramana, ST., MT','Pembina','19840906 201101 1 004','I Gusti Made Artha Wijaya, ST','Penata','2019-07-21 00:47:20','2019-07-21 00:47:20'),
(7,'19801110 200501 1 015','I Nengah Bayu Pramana, ST., MT','Pembina','19840906 201101 1 004','I Gusti Made Artha Wijaya, ST','Penata','2019-07-21 00:47:40','2019-07-21 00:47:40'),
(8,'19801110 200501 1 015','I Nengah Bayu Pramana, ST., MT','Pembina','19840906 201101 1 004','I Gusti Made Artha Wijaya, ST','Penata','2019-07-21 00:48:22','2019-07-21 00:48:22'),
(9,'19801110 200501 1 015','I Nengah Bayu Pramana, ST., MT','Pembina','19840906 201101 1 004','I Gusti Made Artha Wijaya, ST','Penata','2019-07-21 00:49:24','2019-07-21 00:49:24'),
(10,'19801110 200501 1 015','I Nengah Bayu Pramana, ST., MT','Pembina','19840906 201101 1 004','I Gusti Made Artha Wijaya, ST','Penata','2019-07-21 00:50:07','2019-07-21 00:50:07'),
(11,'19801110 200501 1 015','I Nengah Bayu Pramana, ST., MT','Pembina','19840906 201101 1 004','I Gusti Made Artha Wijaya, ST','Penata','2019-07-21 00:50:33','2019-07-21 00:50:33'),
(12,'19801110 200501 1 015','I Nengah Bayu Pramana, ST., MT','Pembina','19840906 201101 1 004','I Gusti Made Artha Wijaya, ST','Penata','2019-07-21 00:50:52','2019-07-21 00:50:52'),
(13,'19801110 200501 1 015','I Nengah Bayu Pramana, ST., MT','Pembina','19840906 201101 1 004','I Gusti Made Artha Wijaya, ST','Penata','2019-07-21 00:51:05','2019-07-21 00:51:05'),
(14,'19801110 200501 1 015','I Nengah Bayu Pramana, ST., MT','Pembina','19840906 201101 1 004','I Gusti Made Artha Wijaya, ST','Penata','2019-07-21 00:51:24','2019-07-21 00:51:24'),
(15,'19801110 200501 1 015','I Nengah Bayu Pramana, ST., MT','Pembina','19840906 201101 1 004','I Gusti Made Artha Wijaya, ST','Penata','2019-07-21 00:51:57','2019-07-21 00:51:57'),
(16,'19801110 200501 1 015','I Nengah Bayu Pramana, ST., MT','Pembina','19840906 201101 1 004','I Gusti Made Artha Wijaya, ST','Penata','2019-07-21 00:52:21','2019-07-21 00:52:21'),
(17,'19801110 200501 1 015','I Nengah Bayu Pramana, ST., MT','Pembina','19840906 201101 1 004','I Gusti Made Artha Wijaya, ST','Penata','2019-07-21 00:52:40','2019-07-21 00:52:40'),
(18,'19801110 200501 1 015','I Nengah Bayu Pramana, ST., MT','Pembina','19840906 201101 1 004','I Gusti Made Artha Wijaya, ST','Penata','2019-07-21 00:55:44','2019-07-21 00:55:44');

/*Table structure for table `m_persyaratan_teknis` */

DROP TABLE IF EXISTS `m_persyaratan_teknis`;

CREATE TABLE `m_persyaratan_teknis` (
  `id` int(11) NOT NULL AUTO_INCREMENT,
  `nama` varchar(255) DEFAULT NULL,
  `flag_delete` tinyint(2) DEFAULT '0',
  `created_at` timestamp NOT NULL DEFAULT CURRENT_TIMESTAMP ON UPDATE CURRENT_TIMESTAMP,
  `updated_at` timestamp NOT NULL DEFAULT '0000-00-00 00:00:00',
  PRIMARY KEY (`id`)
) ENGINE=InnoDB AUTO_INCREMENT=10 DEFAULT CHARSET=latin1;

/*Data for the table `m_persyaratan_teknis` */

insert  into `m_persyaratan_teknis`(`id`,`nama`,`flag_delete`,`created_at`,`updated_at`) values 
(1,'Tata Ruang Peruntukan',0,'2018-09-07 13:35:28','0000-00-00 00:00:00'),
(2,'Tata Ruang Jalur Hijau',0,'2018-09-07 13:35:38','0000-00-00 00:00:00'),
(3,'Sempadan Jalan',0,'2018-09-07 13:35:52','0000-00-00 00:00:00'),
(4,'Sempadan Sungai',0,'2018-09-07 13:36:16','0000-00-00 00:00:00'),
(5,'Sempadan Jurang',0,'2018-09-08 20:27:23','2018-09-08 14:31:35'),
(6,'Sempadan Pantai',0,'2018-09-08 20:27:18','0000-00-00 00:00:00'),
(7,'KDB/KLB Total',0,'2018-09-08 20:27:15','0000-00-00 00:00:00'),
(8,'Arsitektur Bangunan',0,'2018-09-08 20:27:08','0000-00-00 00:00:00'),
(9,'Struktur Bangunan',0,'2018-09-08 20:27:05','2018-09-08 14:31:35');

/*Table structure for table `m_status_pengajuan` */

DROP TABLE IF EXISTS `m_status_pengajuan`;

CREATE TABLE `m_status_pengajuan` (
  `id` int(11) NOT NULL AUTO_INCREMENT,
  `nama` varchar(255) DEFAULT NULL,
  `label` varchar(50) DEFAULT 'label label-default',
  `flag_delete` tinyint(2) DEFAULT '0',
  `created_at` timestamp NOT NULL DEFAULT CURRENT_TIMESTAMP ON UPDATE CURRENT_TIMESTAMP,
  `updated_at` timestamp NOT NULL DEFAULT '0000-00-00 00:00:00',
  PRIMARY KEY (`id`)
) ENGINE=InnoDB AUTO_INCREMENT=7 DEFAULT CHARSET=latin1;

/*Data for the table `m_status_pengajuan` */

insert  into `m_status_pengajuan`(`id`,`nama`,`label`,`flag_delete`,`created_at`,`updated_at`) values 
(1,'Pendaftaran','label label-info',0,'2018-09-08 17:43:14','0000-00-00 00:00:00'),
(2,'Sedang Survey','label label-warning',0,'2018-09-08 17:43:20','0000-00-00 00:00:00'),
(3,'Sudah Survey','label label-primary',0,'2018-09-10 11:08:49','0000-00-00 00:00:00'),
(4,'Survey Ulang','label label-warning',0,'2018-09-08 17:44:19','0000-00-00 00:00:00'),
(5,'Disetujui','label label-success',0,'2018-09-10 11:09:59','0000-00-00 00:00:00'),
(6,'Ditolak','label label-danger',0,'2018-09-08 17:44:11','0000-00-00 00:00:00');

/*Table structure for table `m_surveyor` */

DROP TABLE IF EXISTS `m_surveyor`;

CREATE TABLE `m_surveyor` (
  `id` int(11) NOT NULL AUTO_INCREMENT,
  `nip` varchar(255) DEFAULT NULL,
  `nama` varchar(255) DEFAULT NULL,
  `telp` varchar(14) DEFAULT NULL,
  `flag_delete` tinyint(2) DEFAULT NULL,
  `created_at` timestamp NOT NULL DEFAULT CURRENT_TIMESTAMP ON UPDATE CURRENT_TIMESTAMP,
  `updated_at` timestamp NOT NULL DEFAULT '0000-00-00 00:00:00',
  PRIMARY KEY (`id`)
) ENGINE=InnoDB AUTO_INCREMENT=11 DEFAULT CHARSET=latin1;

/*Data for the table `m_surveyor` */

insert  into `m_surveyor`(`id`,`nip`,`nama`,`telp`,`flag_delete`,`created_at`,`updated_at`) values 
(1,'19820808 201503 1 002','Lely Meilina, S.Kom','',1,'2018-10-25 10:31:31','2018-10-25 11:31:31'),
(2,'0','adipanca',NULL,1,'2018-10-10 21:11:29','2018-09-08 13:17:02'),
(3,'0','adipanca',NULL,1,'2018-10-10 21:11:29','2018-09-08 13:17:11'),
(4,'0','adipanca','39',1,'2018-10-10 21:11:30','2018-09-08 13:21:23'),
(5,'19840109 201403 1 002','Adi Panca Saputra Iskandar, S.Kom, M.T','38',1,'2018-10-25 10:28:54','2018-10-25 11:28:54'),
(6,'19820808 201503 1 002','I Gede Guswinata, ST','082144032080',0,'2018-10-25 10:29:48','2018-10-25 11:29:48'),
(7,'19840109 201403 1 002','Ida Bagus Gede Krisnajaya, ST','082144734768',0,'2018-10-25 10:30:48','2018-10-25 11:30:48'),
(8,'19840109 201403 1 001','I Kadek Purnawan, ST','081081081081',0,'2018-10-12 05:50:10','2018-10-12 05:50:10'),
(9,'19840109 201403 1 003','I Wayan Gede Budiana, ST','081081081081',0,'2018-10-12 05:50:49','2018-10-12 05:50:49'),
(10,'19840109 201403 1 004','I Kadek Sudanayasa','081081081081',0,'2019-07-10 15:59:37','2018-10-12 05:51:37');

/*Table structure for table `rbac_permission_role` */

DROP TABLE IF EXISTS `rbac_permission_role`;

CREATE TABLE `rbac_permission_role` (
  `id` int(10) unsigned NOT NULL AUTO_INCREMENT,
  `permission_id` int(11) NOT NULL,
  `role_id` int(11) NOT NULL,
  `created_at` timestamp NOT NULL DEFAULT '0000-00-00 00:00:00',
  `updated_at` timestamp NOT NULL DEFAULT '0000-00-00 00:00:00',
  PRIMARY KEY (`id`)
) ENGINE=InnoDB AUTO_INCREMENT=40 DEFAULT CHARSET=utf8 COLLATE=utf8_unicode_ci;

/*Data for the table `rbac_permission_role` */

insert  into `rbac_permission_role`(`id`,`permission_id`,`role_id`,`created_at`,`updated_at`) values 
(1,1,1,'0000-00-00 00:00:00','0000-00-00 00:00:00'),
(2,2,1,'0000-00-00 00:00:00','0000-00-00 00:00:00'),
(3,3,1,'0000-00-00 00:00:00','0000-00-00 00:00:00'),
(4,4,1,'0000-00-00 00:00:00','0000-00-00 00:00:00'),
(5,5,1,'0000-00-00 00:00:00','0000-00-00 00:00:00'),
(6,6,1,'0000-00-00 00:00:00','0000-00-00 00:00:00'),
(7,7,1,'0000-00-00 00:00:00','0000-00-00 00:00:00'),
(8,8,1,'0000-00-00 00:00:00','0000-00-00 00:00:00'),
(9,9,1,'0000-00-00 00:00:00','0000-00-00 00:00:00'),
(10,10,1,'0000-00-00 00:00:00','0000-00-00 00:00:00'),
(11,11,1,'0000-00-00 00:00:00','0000-00-00 00:00:00'),
(12,12,1,'0000-00-00 00:00:00','0000-00-00 00:00:00'),
(13,13,1,'0000-00-00 00:00:00','0000-00-00 00:00:00'),
(14,14,1,'0000-00-00 00:00:00','0000-00-00 00:00:00'),
(15,15,1,'0000-00-00 00:00:00','0000-00-00 00:00:00'),
(16,16,1,'0000-00-00 00:00:00','0000-00-00 00:00:00'),
(17,17,1,'0000-00-00 00:00:00','0000-00-00 00:00:00'),
(18,1,2,'0000-00-00 00:00:00','0000-00-00 00:00:00'),
(19,2,2,'0000-00-00 00:00:00','0000-00-00 00:00:00'),
(20,4,2,'0000-00-00 00:00:00','0000-00-00 00:00:00'),
(21,5,2,'0000-00-00 00:00:00','0000-00-00 00:00:00'),
(22,6,2,'0000-00-00 00:00:00','0000-00-00 00:00:00'),
(23,7,2,'0000-00-00 00:00:00','0000-00-00 00:00:00'),
(24,8,2,'0000-00-00 00:00:00','0000-00-00 00:00:00'),
(25,9,2,'0000-00-00 00:00:00','0000-00-00 00:00:00'),
(26,10,2,'0000-00-00 00:00:00','0000-00-00 00:00:00'),
(27,11,2,'0000-00-00 00:00:00','0000-00-00 00:00:00'),
(28,12,2,'0000-00-00 00:00:00','0000-00-00 00:00:00'),
(29,13,2,'0000-00-00 00:00:00','0000-00-00 00:00:00'),
(30,14,2,'0000-00-00 00:00:00','0000-00-00 00:00:00'),
(31,15,2,'0000-00-00 00:00:00','0000-00-00 00:00:00'),
(32,16,2,'0000-00-00 00:00:00','0000-00-00 00:00:00'),
(33,17,2,'0000-00-00 00:00:00','0000-00-00 00:00:00'),
(34,12,3,'0000-00-00 00:00:00','0000-00-00 00:00:00'),
(35,13,3,'0000-00-00 00:00:00','0000-00-00 00:00:00'),
(36,14,3,'0000-00-00 00:00:00','0000-00-00 00:00:00'),
(37,15,3,'0000-00-00 00:00:00','0000-00-00 00:00:00'),
(38,16,3,'0000-00-00 00:00:00','0000-00-00 00:00:00'),
(39,17,3,'0000-00-00 00:00:00','0000-00-00 00:00:00');

/*Table structure for table `rbac_permissions` */

DROP TABLE IF EXISTS `rbac_permissions`;

CREATE TABLE `rbac_permissions` (
  `id` int(10) unsigned NOT NULL AUTO_INCREMENT,
  `permission_title` varchar(255) COLLATE utf8_unicode_ci NOT NULL,
  `permission_slug` varchar(255) COLLATE utf8_unicode_ci NOT NULL,
  `icon` varchar(255) COLLATE utf8_unicode_ci DEFAULT NULL,
  `parent` int(11) DEFAULT NULL,
  `attribute` varchar(255) COLLATE utf8_unicode_ci DEFAULT NULL,
  `weight` int(11) DEFAULT NULL,
  `created_at` timestamp NOT NULL DEFAULT '0000-00-00 00:00:00',
  `updated_at` timestamp NOT NULL DEFAULT '0000-00-00 00:00:00',
  PRIMARY KEY (`id`)
) ENGINE=InnoDB AUTO_INCREMENT=18 DEFAULT CHARSET=utf8 COLLATE=utf8_unicode_ci;

/*Data for the table `rbac_permissions` */

insert  into `rbac_permissions`(`id`,`permission_title`,`permission_slug`,`icon`,`parent`,`attribute`,`weight`,`created_at`,`updated_at`) values 
(1,'Halaman Utama','admin','fa fa-home',0,'',1,'0000-00-00 00:00:00','0000-00-00 00:00:00'),
(2,'Master Data','#','fa fa-database',0,'',2,'0000-00-00 00:00:00','0000-00-00 00:00:00'),
(3,'User','admin/user','fa fa-user',2,'',3,'0000-00-00 00:00:00','0000-00-00 00:00:00'),
(4,'Fungsi Bangunan','admin/fungsi','fa fa-sliders',2,NULL,4,'0000-00-00 00:00:00','0000-00-00 00:00:00'),
(5,'Harga Bangunan','admin/hargabangunan','fa fa-money',2,NULL,5,'0000-00-00 00:00:00','0000-00-00 00:00:00'),
(6,'Klasifikasi Bangunan','admin/klasifikasibangunan','fa fa-bar-chart',2,NULL,6,'0000-00-00 00:00:00','0000-00-00 00:00:00'),
(7,'Klasifikasi Parameter','admin/klasifikasiparameter','fa fa-cubes',2,NULL,7,'0000-00-00 00:00:00','0000-00-00 00:00:00'),
(8,'Parameter Detail','admin/klasifikasiparameterdetail','fa fa-file',2,NULL,8,'0000-00-00 00:00:00','0000-00-00 00:00:00'),
(9,'Persyaratan Teknis','admin/persyaratanteknis','fa fa-file-o',2,NULL,9,'0000-00-00 00:00:00','0000-00-00 00:00:00'),
(10,'Status Pengajuan','admin/statuspengajuan','fa fa-eye',2,NULL,10,'0000-00-00 00:00:00','0000-00-00 00:00:00'),
(11,'Surveyor','admin/surveyor','fa fa-users',2,NULL,11,'0000-00-00 00:00:00','0000-00-00 00:00:00'),
(12,'Frontend','#','fa fa-globe',0,NULL,12,'0000-00-00 00:00:00','0000-00-00 00:00:00'),
(13,'Slider','admin/slider','fa fa-sliders',12,NULL,13,'0000-00-00 00:00:00','0000-00-00 00:00:00'),
(14,'Profile','admin/profile','fa fa-globe',12,NULL,14,'0000-00-00 00:00:00','0000-00-00 00:00:00'),
(15,'Jenis Imb','admin/jenisimb','fa fa-eye',2,NULL,15,'0000-00-00 00:00:00','0000-00-00 00:00:00'),
(16,'IMB','#','fa fa-send',0,'',16,'0000-00-00 00:00:00','0000-00-00 00:00:00'),
(17,'Data Pengajuan','admin/pengajuan','fa fa-star',16,NULL,17,'0000-00-00 00:00:00','0000-00-00 00:00:00');

/*Table structure for table `rbac_role_user` */

DROP TABLE IF EXISTS `rbac_role_user`;

CREATE TABLE `rbac_role_user` (
  `id` bigint(20) unsigned NOT NULL AUTO_INCREMENT,
  `role_id` varchar(255) COLLATE utf8_unicode_ci NOT NULL,
  `user_id` varchar(255) COLLATE utf8_unicode_ci NOT NULL,
  `created_at` timestamp NOT NULL DEFAULT '0000-00-00 00:00:00',
  `updated_at` timestamp NOT NULL DEFAULT '0000-00-00 00:00:00',
  PRIMARY KEY (`id`)
) ENGINE=InnoDB AUTO_INCREMENT=10 DEFAULT CHARSET=utf8 COLLATE=utf8_unicode_ci;

/*Data for the table `rbac_role_user` */

insert  into `rbac_role_user`(`id`,`role_id`,`user_id`,`created_at`,`updated_at`) values 
(1,'1','11101420','2018-06-05 16:06:15','2018-06-05 16:06:15'),
(2,'1','admin','2018-09-13 15:50:15','2018-09-13 15:50:15'),
(3,'3','ikadekpurnawan','2019-07-16 10:02:13','2019-07-16 10:02:13'),
(4,'3','gede','2019-07-16 10:03:20','2019-07-16 10:03:20'),
(5,'3','budianayande','2019-07-16 10:03:53','2019-07-16 10:03:53'),
(6,'3','agus','2019-07-16 10:04:09','2019-07-16 10:04:09'),
(7,'3','suarnata','2019-07-16 10:06:52','2019-07-16 10:06:52'),
(8,'2','artha','2019-07-16 10:07:17','2019-07-16 10:07:17'),
(9,'3','SUDANAYASA','2019-07-16 10:08:29','2019-07-16 10:08:29');

/*Table structure for table `rbac_roles` */

DROP TABLE IF EXISTS `rbac_roles`;

CREATE TABLE `rbac_roles` (
  `id` int(10) unsigned NOT NULL AUTO_INCREMENT,
  `role_title` varchar(255) COLLATE utf8_unicode_ci NOT NULL,
  `role_slug` varchar(255) COLLATE utf8_unicode_ci NOT NULL,
  `created_at` timestamp NOT NULL DEFAULT '0000-00-00 00:00:00',
  `updated_at` timestamp NOT NULL DEFAULT '0000-00-00 00:00:00',
  PRIMARY KEY (`id`)
) ENGINE=InnoDB AUTO_INCREMENT=4 DEFAULT CHARSET=utf8 COLLATE=utf8_unicode_ci;

/*Data for the table `rbac_roles` */

insert  into `rbac_roles`(`id`,`role_title`,`role_slug`,`created_at`,`updated_at`) values 
(1,'Developer','','0000-00-00 00:00:00','0000-00-00 00:00:00'),
(2,'Admin','','0000-00-00 00:00:00','0000-00-00 00:00:00'),
(3,'Operator','','0000-00-00 00:00:00','0000-00-00 00:00:00');

/*Table structure for table `t_pengajuan` */

DROP TABLE IF EXISTS `t_pengajuan`;

CREATE TABLE `t_pengajuan` (
  `id` int(11) NOT NULL AUTO_INCREMENT,
  `no_registrasi` varchar(100) DEFAULT '0',
  `id_jenis_identitas` tinyint(1) DEFAULT '1' COMMENT '1=nik;2=kitas;3=paspor;',
  `nik` varchar(255) DEFAULT NULL,
  `nama` varchar(255) DEFAULT NULL,
  `id_jenis_imb` int(11) DEFAULT NULL COMMENT 'm_jenis_imb',
  `id_jenis_klasifikasi_bangunan` int(11) DEFAULT NULL COMMENT 'm_jenis_klasifikasi_bangunan',
  `deskripsi_bangunan` varchar(255) DEFAULT NULL COMMENT 'deskripsi detail bangunan',
  `lokasi` text COMMENT 'alamat pendaftara pengajuan',
  `tahun` int(11) DEFAULT NULL,
  `luas_bertingkat` decimal(6,2) DEFAULT '0.00' COMMENT 'luas bangunan',
  `luas_tidakbertingkat` decimal(6,2) DEFAULT '0.00' COMMENT 'luas bangunan',
  `luas_basement` decimal(6,2) DEFAULT '0.00' COMMENT 'luas bangunan',
  `kdb_lama` varchar(255) DEFAULT NULL,
  `klb_lama` varchar(255) DEFAULT NULL,
  `kdb_baru` varchar(255) DEFAULT NULL,
  `klb_baru` varchar(255) DEFAULT NULL,
  `total_klb` varchar(255) DEFAULT NULL,
  `total_kdb` varchar(255) DEFAULT NULL,
  `jumlah_biaya` double DEFAULT '0',
  `jumlah_biaya_prasarana` double DEFAULT '0',
  `total_biaya_pembulatan` double DEFAULT NULL COMMENT 'edit dari user jumlah_biaya + jumlah_biaya_prasarana',
  `id_surveyor_1` int(11) DEFAULT '0' COMMENT 'm_surveyor',
  `id_surveyor_2` int(11) DEFAULT '0' COMMENT 'm_surveyor',
  `tgl_survey` date DEFAULT NULL,
  `id_status_pengajuan` int(11) DEFAULT '1' COMMENT 'm_status_pengajuan',
  `no_nib` varchar(255) DEFAULT '0',
  `latitude` varchar(255) DEFAULT '0',
  `longitude` varchar(255) DEFAULT '0',
  `nip_kepala_bidang` varchar(255) DEFAULT NULL COMMENT 'nip kepala bidang',
  `kepala_bidang` varchar(255) DEFAULT NULL COMMENT 'nama kepala bidang',
  `pangkat_kepala_bidang` varchar(255) DEFAULT NULL COMMENT 'pangkat kepala bidang',
  `nip_kasi` varchar(255) DEFAULT NULL COMMENT 'nip kepala sie',
  `kasi` varchar(255) DEFAULT NULL COMMENT 'nama kepala sie',
  `pangkat_kasi` varchar(255) DEFAULT NULL COMMENT 'pangkat kepala sie',
  `flag_delete` tinyint(4) DEFAULT '0',
  `created_at` timestamp NOT NULL DEFAULT CURRENT_TIMESTAMP ON UPDATE CURRENT_TIMESTAMP,
  `updated_at` timestamp NOT NULL DEFAULT '0000-00-00 00:00:00',
  PRIMARY KEY (`id`)
) ENGINE=InnoDB AUTO_INCREMENT=2 DEFAULT CHARSET=latin1;

/*Data for the table `t_pengajuan` */

insert  into `t_pengajuan`(`id`,`no_registrasi`,`id_jenis_identitas`,`nik`,`nama`,`id_jenis_imb`,`id_jenis_klasifikasi_bangunan`,`deskripsi_bangunan`,`lokasi`,`tahun`,`luas_bertingkat`,`luas_tidakbertingkat`,`luas_basement`,`kdb_lama`,`klb_lama`,`kdb_baru`,`klb_baru`,`total_klb`,`total_kdb`,`jumlah_biaya`,`jumlah_biaya_prasarana`,`total_biaya_pembulatan`,`id_surveyor_1`,`id_surveyor_2`,`tgl_survey`,`id_status_pengajuan`,`no_nib`,`latitude`,`longitude`,`nip_kepala_bidang`,`kepala_bidang`,`pangkat_kepala_bidang`,`nip_kasi`,`kasi`,`pangkat_kasi`,`flag_delete`,`created_at`,`updated_at`) values 
(1,'2020010010001',1,'-','Adi Panca Saputra Iskandar',1,1,'Akomodasi Pariwisata','Amlapura - KarangAsem',2020,200.00,200.00,200.00,'20% (40.5 m2 dari 200 m2)','20% (40.5 m2 dari 200 m2)','30% (60.5 m2 dari 200 m2)','40% (80.5 m2 dari 200 m2)','40% (80.5 m2 dari 200 m2)','40% (80.5 m2 dari 200 m2)',2913000,4902500,7820000,6,7,'2019-07-27',5,'089898o011','-111221122333','-111221889963','19801110 200501 1 015','I Nengah Bayu Pramana, ST., MT','Pembina','19840906 201101 1 004','I Gusti Made Artha Wijaya, ST','Penata',0,'2019-07-21 00:55:26','2019-07-21 00:55:26');

/*Table structure for table `t_pengajuan_parameter` */

DROP TABLE IF EXISTS `t_pengajuan_parameter`;

CREATE TABLE `t_pengajuan_parameter` (
  `id` int(11) NOT NULL AUTO_INCREMENT,
  `no_registrasi` varchar(100) DEFAULT NULL,
  `id_pengajuan` int(11) DEFAULT NULL COMMENT 't_pengajuan',
  `id_klasifikasi_parameter` int(11) DEFAULT NULL COMMENT 'm_klasifikasi_parameter',
  `id_klasifikasi_parameter_detail` int(11) DEFAULT NULL COMMENT 'm_klasifikasi_parameter_detail',
  `keterangan` text,
  `created_at` timestamp NOT NULL DEFAULT CURRENT_TIMESTAMP ON UPDATE CURRENT_TIMESTAMP,
  `updated_at` timestamp NOT NULL DEFAULT '0000-00-00 00:00:00',
  PRIMARY KEY (`id`)
) ENGINE=InnoDB AUTO_INCREMENT=10 DEFAULT CHARSET=latin1;

/*Data for the table `t_pengajuan_parameter` */

insert  into `t_pengajuan_parameter`(`id`,`no_registrasi`,`id_pengajuan`,`id_klasifikasi_parameter`,`id_klasifikasi_parameter_detail`,`keterangan`,`created_at`,`updated_at`) values 
(1,'2020010010001',1,1,1,'-','2019-07-20 22:34:42','2019-07-20 22:34:42'),
(2,'2020010010001',1,2,6,'-','2019-07-20 22:34:43','2019-07-20 22:34:43'),
(3,'2020010010001',1,3,7,'-','2019-07-20 22:34:43','2019-07-20 22:34:43'),
(4,'2020010010001',1,4,10,'-','2019-07-20 22:34:43','2019-07-20 22:34:43'),
(5,'2020010010001',1,5,14,'-','2019-07-20 22:34:43','2019-07-20 22:34:43'),
(6,'2020010010001',1,6,17,'-','2019-07-20 22:34:43','2019-07-20 22:34:43'),
(7,'2020010010001',1,7,20,'-','2019-07-20 22:34:43','2019-07-20 22:34:43'),
(8,'2020010010001',1,8,23,'-','2019-07-20 22:34:43','2019-07-20 22:34:43'),
(9,'2020010010001',1,9,25,'-','2019-07-20 22:34:43','2019-07-20 22:34:43');

/*Table structure for table `t_pengajuan_persyaratan` */

DROP TABLE IF EXISTS `t_pengajuan_persyaratan`;

CREATE TABLE `t_pengajuan_persyaratan` (
  `id` int(11) NOT NULL AUTO_INCREMENT,
  `no_registrasi` varchar(100) DEFAULT NULL,
  `id_pengajuan` int(11) DEFAULT NULL COMMENT 't_pengajuan',
  `id_persyaratan` int(11) DEFAULT NULL COMMENT 'm_persyaratan_teknis',
  `is_memenuhi` tinyint(2) DEFAULT NULL COMMENT '0=tidak memenuhi; 1=memenuhi;',
  `keterangan` text,
  `created_at` timestamp NOT NULL DEFAULT CURRENT_TIMESTAMP ON UPDATE CURRENT_TIMESTAMP,
  `updated_at` timestamp NOT NULL DEFAULT '0000-00-00 00:00:00',
  PRIMARY KEY (`id`)
) ENGINE=InnoDB AUTO_INCREMENT=10 DEFAULT CHARSET=latin1;

/*Data for the table `t_pengajuan_persyaratan` */

insert  into `t_pengajuan_persyaratan`(`id`,`no_registrasi`,`id_pengajuan`,`id_persyaratan`,`is_memenuhi`,`keterangan`,`created_at`,`updated_at`) values 
(1,'2020010010001',1,1,1,'-','2019-07-20 22:53:11','2019-07-20 22:53:11'),
(2,'2020010010001',1,2,0,'-','2019-07-20 22:53:11','2019-07-20 22:53:11'),
(3,'2020010010001',1,3,1,'-','2019-07-20 22:53:11','2019-07-20 22:53:11'),
(4,'2020010010001',1,4,0,'-','2019-07-20 22:53:11','2019-07-20 22:53:11'),
(5,'2020010010001',1,5,0,'-','2019-07-20 22:53:11','2019-07-20 22:53:11'),
(6,'2020010010001',1,6,0,'-','2019-07-20 22:53:11','2019-07-20 22:53:11'),
(7,'2020010010001',1,7,0,'KDB Lama : 20% (40.5 m2 dari 200 m2)\r\nKLB Lama : 20% (40.5 m2 dari 200 m2)\r\nKDB Baru : 30% (60.5 m2 dari 200 m2)\r\nKLB Baru : 40% (80.5 m2 dari 200 m2)\r\nKDB Total : 40% (80.5 m2 dari 200 m2)\r\nKLB Total : 40% (80.5 m2 dari 200 m2)','2019-07-20 22:53:11','2019-07-20 22:53:11'),
(8,'2020010010001',1,8,1,'-','2019-07-20 22:53:11','2019-07-20 22:53:11'),
(9,'2020010010001',1,9,1,'-','2019-07-20 22:53:11','2019-07-20 22:53:11');

/*Table structure for table `t_pengajuan_prasarana` */

DROP TABLE IF EXISTS `t_pengajuan_prasarana`;

CREATE TABLE `t_pengajuan_prasarana` (
  `id` int(11) NOT NULL AUTO_INCREMENT,
  `no_registrasi` varchar(100) DEFAULT NULL,
  `id_pengajuan` int(11) DEFAULT NULL COMMENT 't_pengajuan',
  `nama` varchar(255) DEFAULT NULL COMMENT 'm_harga_bangunan',
  `id_fungsi` int(11) DEFAULT NULL COMMENT 'm_fungsi',
  `id_jenis_imb_prasarana` int(11) DEFAULT NULL COMMENT 'm_jenis_imb',
  `id_harga_bangunan` int(11) DEFAULT NULL COMMENT 'm_harga_bangunan',
  `volume` decimal(6,2) DEFAULT '0.00',
  `satuan` varchar(255) DEFAULT NULL,
  `jumlah_biaya` double DEFAULT '0',
  `created_at` timestamp NOT NULL DEFAULT CURRENT_TIMESTAMP ON UPDATE CURRENT_TIMESTAMP,
  `updated_at` timestamp NOT NULL DEFAULT '0000-00-00 00:00:00',
  PRIMARY KEY (`id`)
) ENGINE=InnoDB AUTO_INCREMENT=28 DEFAULT CHARSET=latin1;

/*Data for the table `t_pengajuan_prasarana` */

insert  into `t_pengajuan_prasarana`(`id`,`no_registrasi`,`id_pengajuan`,`nama`,`id_fungsi`,`id_jenis_imb_prasarana`,`id_harga_bangunan`,`volume`,`satuan`,`jumlah_biaya`,`created_at`,`updated_at`) values 
(1,'2020010010001',1,'Pagar',7,1,203,10.00,'m',90000,'2019-07-21 00:55:26','2019-07-21 00:55:26'),
(2,'2020010010001',1,'Tanggul/Retaining Wall',7,0,0,0.00,'m3',0,'2019-07-21 00:55:26','2019-07-21 00:55:26'),
(3,'2020010010001',1,'Turap batas kavling/persil',7,0,0,0.00,'m3',0,'2019-07-21 00:55:26','2019-07-21 00:55:26'),
(4,'2020010010001',1,'Gapura (manusia/motor)',8,0,0,0.00,'unit',0,'2019-07-21 00:55:26','2019-07-21 00:55:26'),
(5,'2020010010001',1,'Gerbang (mobil)',8,1,207,12.00,'unit',4800000,'2019-07-21 00:55:26','2019-07-21 00:55:26'),
(6,'2020010010001',1,'Jalan',9,0,0,0.00,'m2',0,'2019-07-21 00:55:26','2019-07-21 00:55:26'),
(7,'2020010010001',1,'Lapangan Upacara',9,0,0,0.00,'m2',0,'2019-07-21 00:55:26','2019-07-21 00:55:26'),
(8,'2020010010001',1,'Lapangan Olah Raga Terbuka',9,0,0,0.00,'m2',0,'2019-07-21 00:55:26','2019-07-21 00:55:26'),
(9,'2020010010001',1,'Areal Parkir',9,1,211,5.00,'m2',12500,'2019-07-21 00:55:26','2019-07-21 00:55:26'),
(10,'2020010010001',1,'Jembatan',10,0,0,0.00,'m2',0,'2019-07-21 00:55:26','2019-07-21 00:55:26'),
(11,'2020010010001',1,'Box Culvert',10,0,0,0.00,'m2',0,'2019-07-21 00:55:26','2019-07-21 00:55:26'),
(12,'2020010010001',1,'Plat Deuker',10,0,0,0.00,'m2',0,'2019-07-21 00:55:26','2019-07-21 00:55:26'),
(13,'2020010010001',1,'Gorong-gorong',10,0,0,0.00,'m2',0,'2019-07-21 00:55:26','2019-07-21 00:55:26'),
(14,'2020010010001',1,'Kolam Renang',11,0,0,0.00,'m3',0,'2019-07-21 00:55:26','2019-07-21 00:55:26'),
(15,'2020010010001',1,'Kolam Pengolahan Air',11,0,0,0.00,'m3',0,'2019-07-21 00:55:26','2019-07-21 00:55:26'),
(16,'2020010010001',1,'Reservoir Bawah Tanah',11,0,0,0.00,'m3',0,'2019-07-21 00:55:26','2019-07-21 00:55:26'),
(17,'2020010010001',1,'Menara Antena',12,0,0,0.00,'m',0,'2019-07-21 00:55:26','2019-07-21 00:55:26'),
(18,'2020010010001',1,'Menara Air',12,0,0,0.00,'m',0,'2019-07-21 00:55:26','2019-07-21 00:55:26'),
(19,'2020010010001',1,'Cerobong',12,0,0,0.00,'m',0,'2019-07-21 00:55:26','2019-07-21 00:55:26'),
(20,'2020010010001',1,'Tugu',13,0,0,0.00,'m2',0,'2019-07-21 00:55:26','2019-07-21 00:55:26'),
(21,'2020010010001',1,'Patung',13,0,0,0.00,'m2',0,'2019-07-21 00:55:26','2019-07-21 00:55:26'),
(22,'2020010010001',1,'Gardu Listrik',14,0,0,0.00,'m2',0,'2019-07-21 00:55:26','2019-07-21 00:55:26'),
(23,'2020010010001',1,'Gardu Telepon',14,0,0,0.00,'m2',0,'2019-07-21 00:55:26','2019-07-21 00:55:26'),
(24,'2020010010001',1,'Instalasi Pengolahan',14,0,0,0.00,'m2',0,'2019-07-21 00:55:26','2019-07-21 00:55:26'),
(25,'2020010010001',1,'Billboard',15,0,0,0.00,'m2',0,'2019-07-21 00:55:26','2019-07-21 00:55:26'),
(26,'2020010010001',1,'Papan Iklan',15,0,0,0.00,'m2',0,'2019-07-21 00:55:26','2019-07-21 00:55:26'),
(27,'2020010010001',1,'Papan Nama (Berdiri sendiri atau berupa tembok pagar)',15,0,0,0.00,'m2',0,'2019-07-21 00:55:26','2019-07-21 00:55:26');

/*Table structure for table `users` */

DROP TABLE IF EXISTS `users`;

CREATE TABLE `users` (
  `id` int(10) unsigned NOT NULL AUTO_INCREMENT,
  `name` varchar(255) COLLATE utf8_unicode_ci NOT NULL,
  `email` varchar(255) COLLATE utf8_unicode_ci NOT NULL,
  `identifier` varchar(255) COLLATE utf8_unicode_ci DEFAULT NULL,
  `username` varchar(255) COLLATE utf8_unicode_ci DEFAULT NULL,
  `password` varchar(255) COLLATE utf8_unicode_ci NOT NULL,
  `foto` varchar(255) COLLATE utf8_unicode_ci DEFAULT NULL,
  `telp` varchar(14) COLLATE utf8_unicode_ci DEFAULT NULL,
  `remember_token` varchar(100) COLLATE utf8_unicode_ci DEFAULT NULL,
  `created_at` timestamp NULL DEFAULT NULL,
  `updated_at` timestamp NULL DEFAULT NULL,
  PRIMARY KEY (`id`),
  UNIQUE KEY `users_email_unique` (`email`),
  UNIQUE KEY `users_username_unique` (`username`)
) ENGINE=MyISAM AUTO_INCREMENT=173 DEFAULT CHARSET=utf8 COLLATE=utf8_unicode_ci;

/*Data for the table `users` */

insert  into `users`(`id`,`name`,`email`,`identifier`,`username`,`password`,`foto`,`telp`,`remember_token`,`created_at`,`updated_at`) values 
(1,'Adi Panca Saputra Iskandar, S.Kom., M.T.','adipancaiskandar@gmail.com','11101420','11101420','$2y$10$F7Z3.hvsjqj.d5.JnEJmGeTV6TCimVaurXAPeBnr7pRKwnARMu9Ou','protected/storage/foto/11101420.jpeg',NULL,'ETUr2z4Gy3z6cDpEuk3TUDFb3qk1CQjdKjPMPbOTBAWIGhCiEgrKUIYSPHBe','2018-06-05 16:06:15','2019-05-10 14:05:27'),
(165,'Admin Simetris','simetris@adipancaiskandar.com','admin','admin','$2y$12$SSwLb3VSXHF4hwPCAUsR6.swApmKkevJG.FqHXiJNcoBlMvMnTj1y','protected/storage/foto/admin.png','0','OcCxJbdI7kj56jckbtSGyjZaj13BWpDbHYfSFWqCYUeqzhB2xk9XviiTDUVj','2018-09-13 15:50:15','2019-07-16 10:19:20'),
(166,'i kadek purnawan','ikadekpurnawan@gmail.com','ikadekpurnawan','ikadekpurnawan','$2y$10$yU8TOnjw9BCU6rjnA77qeeknL4ysxFUkeKGDizlA6Hy2BXapCG6E.','protected/storage/foto/ikadekpurnawan.png','081916201710','OHQ1hz9jAHA5NPsM1WudursuAdlbvCEynKAuqMIezdtiihhlNFDiqtMcxdXG','2019-07-16 10:02:13','2019-07-16 10:05:03'),
(167,'I Gede Guswinata','gedeguswinata@yahoo.com','gede','gede','$2y$10$W7Q4EnI31LKVuFIcb9qode/pAFjj/cY11Ha34AS/rbdUMNpKg2qru',NULL,'082144032080','FPt2JhMGZEut40DFN1RRp2yRblF5GsxWSuBMPjkE3PpZTMawwcu2nlBxB3zH','2019-07-16 10:03:20','2019-07-16 11:52:42'),
(168,'i wayan gede budiana','budiana_yande@yahoo.com','budianayande','budianayande','$2y$10$VGaO/zy9wpTinDonD./sKOrzkwXTHK1a981kMbWnp/PdR5ynzTIXa','protected/storage/foto/budianayande.jpg','081328280094','s8iujs6AtcshQdlJomQuCpblhokCrNHxZLV7dUhOmLkk4oZ1T0P74sW7mutU','2019-07-16 10:03:53','2019-07-16 10:10:11'),
(169,'I Putu Agus Suartana','agussuartana629@gmail.com','agus','agus','$2y$10$PaABZLmKUvUpWZjEzzfdfO53ROd/rLsy3WRJzQ1PixMSCcqDaa7NW','protected/storage/foto/agus.jpg','081337015838','myW8548Ph0gYuhNGtfP9vNuUGkrZ9QLw36exLItscwUsIcAlN4IyTN3rh2ot','2019-07-16 10:04:09','2019-07-16 10:11:41'),
(170,'I WAYAN SUARNATA','suar_nakasbali@yahoo.com','suarnata','suarnata','$2y$10$ssbV0U8lZ7DtKjw9hZrASOimCzjEI8ohwRO0/ZNme1xw2e.w804XG',NULL,'085792230351',NULL,'2019-07-16 10:06:52','2019-07-16 10:06:52'),
(171,'I Gusti Made Artha Wijaya, ST','artha06091984@yahoo.co.id','artha','artha','$2y$10$aWiBeNZJCEoGSWy9rCY/Fu9dnLFdbxcA8sJQJ76HZzaBaWw5V9rt2','protected/storage/foto/artha.jpeg','085339340256','GphXqulJVSx5X1cOT84qfbB7XTA56mtPxoKRGDpXjmpw6nIRtsAPdjrCju8h','2019-07-16 10:07:17','2019-07-16 10:10:15'),
(172,'I KADEK SUDANAYASA','SUDANAYASA','SUDANAYASA','SUDANAYASA','$2y$10$iqnIsq5psVHMyEDccJt2/O3IA7zzBsBv9zh82fSpM7/WgsKKzKEKu',NULL,'081338639899',NULL,'2019-07-16 10:08:29','2019-07-16 10:08:29');

/*Table structure for table `x` */

DROP TABLE IF EXISTS `x`;

CREATE TABLE `x` (
  `id_fungsi` varchar(255) DEFAULT NULL,
  `nama` varchar(255) DEFAULT NULL,
  `id_klasifikasi` varchar(255) DEFAULT NULL,
  `is_bertingkat` varchar(255) DEFAULT NULL,
  `harga` varchar(255) DEFAULT NULL
) ENGINE=InnoDB DEFAULT CHARSET=latin1;

/*Data for the table `x` */

insert  into `x`(`id_fungsi`,`nama`,`id_klasifikasi`,`is_bertingkat`,`harga`) values 
('1','Rumah Tinggal','1','0','3000000'),
('2','Merajan/Pura','1','0','3500000'),
('2','Langgar/Mushola/Mesjid','1','0','3500000'),
('2','Katedral/Gereja','1','0','3500000'),
('2','Klenteng/ Vihara','1','0','3500000'),
('3','Kantor','1','0','3500000'),
('3','Pertokoan/Ruko/Rukan','1','0','3000000'),
('3','Pasar Modern','1','0','3000000'),
('3','Mall/Super Market','1','0','3500000'),
('3','Hotel/Villa/Penginapan, Dll','1','0','4500000'),
('3','Restourant/Rumah Makan/Caffee','1','0','3000000'),
('3','Warung/Kios','1','0','2700000'),
('3','Showroom/Bengkel','1','0','3000000'),
('4','Bangunan Olah Raga','1','0','4000000'),
('4','Bangunan Kesenian','1','0','4000000'),
('4','Bangunan Pasar Tradisional','1','0','3500000'),
('4','Bangunan Kesehatan','1','0','3500000'),
('4','Bangunan Pendidikan','1','0','3500000'),
('4','Bangunan Terminal','1','0','3000000'),
('4','Bangunan Panti Asuhan/Jompo','1','0','3000000'),
('4','Bangunan Adat','1','0','3500000'),
('6','Hotel & Tempat Rekreasi/Convention Center','1','0','4500000'),
('6','Shoping Center','1','0','4000000'),
('6','Sport Hall','1','0','4000000'),
('6','Bangunan Tempat Hiburan/Rekreasi','1','0','3500000'),
('1','Rumah Tinggal','2','0','2700000'),
('2','Merajan/Pura','2','0','3000000'),
('2','Langgar/Mushola/Mesjid','2','0','3000000'),
('2','Katedral/Gereja','2','0','3000000'),
('2','Klenteng/ Vihara','2','0','3000000'),
('3','Kantor','2','0','3000000'),
('3','Pertokoan/Ruko/Rukan','2','0','2500000'),
('3','Pasar Modern','2','0','2500000'),
('3','Mall/Super Market','2','0','3000000'),
('3','Hotel/Villa/Penginapan, Dll','2','0','4000000'),
('3','Restourant/Rumah Makan/Caffee','2','0','2700000'),
('3','Warung/Kios','2','0','2000000'),
('3','Showroom/Bengkel','2','0','2500000'),
('4','Bangunan Olah Raga','2','0','3500000'),
('4','Bangunan Kesenian','2','0','3500000'),
('4','Bangunan Pasar Tradisional','2','0','3000000'),
('4','Bangunan Kesehatan','2','0','3000000'),
('4','Bangunan Pendidikan','2','0','3000000'),
('4','Bangunan Terminal','2','0','2700000'),
('4','Bangunan Panti Asuhan/Jompo','2','0','2700000'),
('4','Bangunan Adat','2','0','3000000'),
('6','Hotel & Tempat Rekreasi/Convention Center','2','0','4000000'),
('6','Shoping Center','2','0','3500000'),
('6','Sport Hall','2','0','3500000'),
('6','Bangunan Tempat Hiburan/Rekreasi','2','0','3000000'),
('1','Rumah Tinggal','3','0','2000000'),
('2','Merajan/Pura','3','0','2500000'),
('2','Langgar/Mushola/Mesjid','3','0','2500000'),
('2','Katedral/Gereja','3','0','2500000'),
('2','Klenteng/ Vihara','3','0','2500000'),
('3','Kantor','3','0','2700000'),
('3','Pertokoan/Ruko/Rukan','3','0','2000000'),
('3','Pasar Modern','3','0','2000000'),
('3','Mall/Super Market','3','0','2500000'),
('3','Hotel/Villa/Penginapan, Dll','3','0','3500000'),
('3','Restourant/Rumah Makan/Caffee','3','0','2000000'),
('3','Warung/Kios','3','0','1700000'),
('3','Showroom/Bengkel','3','0','2000000'),
('4','Bangunan Olah Raga','3','0','2700000'),
('4','Bangunan Kesenian','3','0','3000000'),
('4','Bangunan Pasar Tradisional','3','0','2700000'),
('4','Bangunan Kesehatan','3','0','2700000'),
('4','Bangunan Pendidikan','3','0','2700000'),
('4','Bangunan Terminal','3','0','2250000'),
('4','Bangunan Panti Asuhan/Jompo','3','0','2000000'),
('4','Bangunan Adat','3','0','2700000'),
('6','Hotel & Tempat Rekreasi/Convention Center','3','0','3500000'),
('6','Shoping Center','3','0','3000000'),
('6','Sport Hall','3','0','3000000'),
('6','Bangunan Tempat Hiburan/Rekreasi','3','0','2700000'),
('1','Rumah Tinggal','4','0','1500000'),
('2','Merajan/Pura','4','0',''),
('2','Langgar/Mushola/Mesjid','4','0',''),
('2','Katedral/Gereja','4','0',''),
('2','Klenteng/ Vihara','4','0',''),
('3','Kantor','4','0',''),
('3','Pertokoan/Ruko/Rukan','4','0',''),
('3','Pasar Modern','4','0',''),
('3','Mall/Super Market','4','0',''),
('3','Hotel/Villa/Penginapan, Dll','4','0',''),
('3','Restourant/Rumah Makan/Caffee','4','0','1500000'),
('3','Warung/Kios','4','0','1250000'),
('3','Showroom/Bengkel','4','0','1700000'),
('4','Bangunan Olah Raga','4','0','1500000'),
('4','Bangunan Kesenian','4','0',''),
('4','Bangunan Pasar Tradisional','4','0','2000000'),
('4','Bangunan Kesehatan','4','0',''),
('4','Bangunan Pendidikan','4','0',''),
('4','Bangunan Terminal','4','0',''),
('4','Bangunan Panti Asuhan/Jompo','4','0','1700000'),
('4','Bangunan Adat','4','0','1500000'),
('6','Hotel & Tempat Rekreasi/Convention Center','4','0',''),
('6','Shoping Center','4','0',''),
('6','Sport Hall','4','0',''),
('6','Bangunan Tempat Hiburan/Rekreasi','4','0','2000000'),
('1','Rumah Tinggal','1','1','3500000'),
('2','Merajan/Pura','1','1','4000000'),
('2','Langgar/Mushola/Mesjid','1','1','4000000'),
('2','Katedral/Gereja','1','1','4000000'),
('2','Klenteng/ Vihara','1','1','4000000'),
('3','Kantor','1','1','4000000'),
('3','Pertokoan/Ruko/Rukan','1','1','3500000'),
('3','Pasar Modern','1','1','3500000'),
('3','Mall/Super Market','1','1','4000000'),
('3','Hotel/Villa/Penginapan, Dll','1','1','5000000'),
('3','Restourant/Rumah Makan/Caffee','1','1','3500000'),
('3','Warung/Kios','1','1','3000000'),
('3','Showroom/Bengkel','1','1','3500000'),
('4','Bangunan Olah Raga','1','1','4500000'),
('4','Bangunan Kesenian','1','1','4500000'),
('4','Bangunan Pasar Tradisional','1','1','4000000'),
('4','Bangunan Kesehatan','1','1','4000000'),
('4','Bangunan Pendidikan','1','1','4000000'),
('4','Bangunan Terminal','1','1','3500000'),
('4','Bangunan Panti Asuhan/Jompo','1','1','3500000'),
('4','Bangunan Adat','1','1','4000000'),
('6','Hotel & Tempat Rekreasi/Convention Center','1','1','5000000'),
('6','Shoping Center','1','1','4500000'),
('6','Sport Hall','1','1','4500000'),
('6','Bangunan Tempat Hiburan/Rekreasi','1','1','4000000'),
('1','Rumah Tinggal','2','1','3000000'),
('2','Merajan/Pura','2','1','3500000'),
('2','Langgar/Mushola/Mesjid','2','1','3500000'),
('2','Katedral/Gereja','2','1','3500000'),
('2','Klenteng/ Vihara','2','1','3500000'),
('3','Kantor','2','1','3500000'),
('3','Pertokoan/Ruko/Rukan','2','1','3000000'),
('3','Pasar Modern','2','1','3000000'),
('3','Mall/Super Market','2','1','3500000'),
('3','Hotel/Villa/Penginapan, Dll','2','1','4500000'),
('3','Restourant/Rumah Makan/Caffee','2','1','3000000'),
('3','Warung/Kios','2','1','2500000'),
('3','Showroom/Bengkel','2','1','3000000'),
('4','Bangunan Olah Raga','2','1','4000000'),
('4','Bangunan Kesenian','2','1','4000000'),
('4','Bangunan Pasar Tradisional','2','1','3500000'),
('4','Bangunan Kesehatan','2','1','3500000'),
('4','Bangunan Pendidikan','2','1','3500000'),
('4','Bangunan Terminal','2','1','3000000'),
('4','Bangunan Panti Asuhan/Jompo','2','1','3000000'),
('4','Bangunan Adat','2','1','3500000'),
('6','Hotel & Tempat Rekreasi/Convention Center','2','1','4500000'),
('6','Shoping Center','2','1','4000000'),
('6','Sport Hall','2','1','4000000'),
('6','Bangunan Tempat Hiburan/','2','1','3500000'),
('6','Rekreasi','2','1',''),
('1','Rumah Tinggal','3','1','2700000'),
('2','Merajan/Pura','3','1','3000000'),
('2','Langgar/Mushola/Mesjid','3','1','3000000'),
('2','Katedral/Gereja','3','1','3000000'),
('2','Klenteng/ Vihara','3','1','3000000'),
('3','Kantor','3','1','3000000'),
('3','Pertokoan/Ruko/Rukan','3','1','2500000'),
('3','Pasar Modern','3','1','2500000'),
('3','Mall/Super Market','3','1','2700000'),
('3','Hotel/Villa/Penginapan, Dll','3','1','4000000'),
('3','Restourant/Rumah Makan/Caffee','3','1','2700000'),
('3','Warung/Kios','3','1','2000000'),
('3','Showroom/Bengkel','3','1','2500000'),
('4','Bangunan Olah Raga','3','1','3000000'),
('4','Bangunan Kesenian','3','1','3500000'),
('4','Bangunan Pasar Tradisional','3','1','3000000'),
('4','Bangunan Kesehatan','3','1','3000000'),
('4','Bangunan Pendidikan','3','1','3000000'),
('4','Bangunan Terminal','3','1','2700000'),
('4','Bangunan Panti Asuhan/Jompo','3','1','2700000'),
('4','Bangunan Adat','3','1','3000000'),
('6','Hotel & Tempat Rekreasi/Convention Center','3','1','4000000'),
('6','Shoping Center','3','1','3500000'),
('6','Sport Hall','3','1','3500000'),
('6','Bangunan Tempat Hiburan/','3','1','3000000'),
('6','Rekreasi','3','1',''),
('1','Rumah Tinggal','4','1',''),
('2','Merajan/Pura','4','1',''),
('2','Langgar/Mushola/Mesjid','4','1',''),
('2','Katedral/Gereja','4','1',''),
('2','Klenteng/ Vihara','4','1',''),
('3','Kantor','4','1',''),
('3','Pertokoan/Ruko/Rukan','4','1',''),
('3','Pasar Modern','4','1',''),
('3','Mall/Super Market','4','1',''),
('3','Hotel/Villa/Penginapan, Dll','4','1',''),
('3','Restourant/Rumah Makan/Caffee','4','1',''),
('3','Warung/Kios','4','1',''),
('3','Showroom/Bengkel','4','1',''),
('4','Bangunan Olah Raga','4','1',''),
('4','Bangunan Kesenian','4','1',''),
('4','Bangunan Pasar Tradisional','4','1',''),
('4','Bangunan Kesehatan','4','1',''),
('4','Bangunan Pendidikan','4','1',''),
('4','Bangunan Terminal','4','1',''),
('4','Bangunan Panti Asuhan/Jompo','4','1',''),
('4','Bangunan Adat','4','1',''),
('6','Hotel & Tempat Rekreasi/Convention Center','4','1',''),
('6','Shoping Center','4','1',''),
('6','Sport Hall','4','1',''),
('6','Bangunan Tempat Hiburan/Rekreasi','4','1',''),
('7','Pagar','5','0','450000'),
('7','Tanggul/Retaining Wall','5','0','500000'),
('7','Turap batas kavling/persil','5','0','500000'),
('8','Gapura (manusia/motor)','5','0','10000000'),
('8','Gerbang (mobil)','5','0','20000000'),
('9','Jalan','5','0','700000'),
('9','Lapangan Upacara','5','0','110000'),
('9','Lapangan Olah Raga Terbuka','5','0','110000'),
('9','Areal Parkir','5','0','125000'),
('10','Jembatan','5','0','4750000'),
('10','Box Culvert','5','0','3250000'),
('10','Plat Deuker','5','0','2500000'),
('10','Gorong-gorong','5','0','1250000'),
('11','Kolam Renang','5','0','1250000'),
('11','Kolam Pengolahan Air','5','0','450000'),
('11','Reservoir Bawah Tanah','5','0','750000'),
('12','Menara Antena','5','0','2750000'),
('12','Menara Air','5','0','2500000'),
('12','Cerobong','5','0','1750000'),
('13','Tugu','5','0','3000000'),
('13','Patung','5','0','4500000'),
('14','Gardu Listrik','5','0','3500000'),
('14','Gardu Telepon','5','0','4750000'),
('14','Instalasi Pengolahan','5','0','3500000'),
('15','Billboard','5','0','2500000'),
('15','Papan Iklan','5','0','1750000'),
('15','Papan Nama (Berdiri sendiri atau berupa tembok pagar)','5','0','2000000'),
('7','Pagar','6','0','150000'),
('7','Tanggul/Retaining Wall','6','0','175000'),
('7','Turap batas kavling/persil','6','0','175000'),
('8','Gapura (manusia/motor)','6','0','1500000'),
('8','Gerbang (mobil)','6','0','2500000'),
('9','Jalan','6','0','125000'),
('9','Lapangan Upacara','6','0','35000'),
('9','Lapangan Olah Raga Terbuka','6','0','35000'),
('9','Areal Parkir','6','0','40000'),
('10','Jembatan','6','0','1750000'),
('10','Box Culvert','6','0','850000'),
('10','Plat Deuker','6','0','350000'),
('10','Gorong-gorong','6','0','250000'),
('11','Kolam Renang','6','0','125000'),
('11','Kolam Pengolahan Air','6','0','75000'),
('11','Reservoir Bawah Tanah','6','0','150000'),
('12','Menara Antena','6','0','350000'),
('12','Menara Air','6','0','275000'),
('12','Cerobong','6','0','125000'),
('13','Tugu','6','0','300000'),
('13','Patung','6','0','450000'),
('14','Gardu Listrik','6','0','350000'),
('14','Gardu Telepon','6','0','300000'),
('14','Instalasi Pengolahan','6','0','350000'),
('15','Billboard','6','0','250000'),
('15','Papan Iklan','6','0','150000'),
('15','Papan Nama (Berdiri sendiri atau berupa tembok pagar)','6','0','150000'),
('7','Pagar','7','0','250000'),
('7','Tanggul/Retaining Wall','7','0','200000'),
('7','Turap batas kavling/persil','7','0','200000'),
('8','Gapura (manusia/motor)','7','0','2000000'),
('8','Gerbang (mobil)','7','0','3500000'),
('9','Jalan','7','0','200000'),
('9','Lapangan Upacara','7','0','55000'),
('9','Lapangan Olah Raga Terbuka','7','0','55000'),
('9','Areal Parkir','7','0','60000'),
('10','Jembatan','7','0','2500000'),
('10','Box Culvert','7','0','1250000'),
('10','Plat Deuker','7','0','500000'),
('10','Gorong-gorong','7','0','450000'),
('11','Kolam Renang','7','0','250000'),
('11','Kolam Pengolahan Air','7','0','125000'),
('11','Reservoir Bawah Tanah','7','0','250000'),
('12','Menara Antena','7','0','650000'),
('12','Menara Air','7','0','350000'),
('12','Cerobong','7','0','250000'),
('13','Tugu','7','0','450000'),
('13','Patung','7','0','700000'),
('14','Gardu Listrik','7','0','600000'),
('14','Gardu Telepon','7','0','500000'),
('14','Instalasi Pengolahan','7','0','600000'),
('15','Billboard','7','0','400000'),
('15','Papan Iklan','7','0','250000'),
('15','Papan Nama (Berdiri sendiri atau berupa tembok pagar)','7','0','300000'),
('7','Pagar','8','0','300000'),
('7','Tanggul/Retaining Wall','8','0','250000'),
('7','Turap batas kavling/persil','8','0','250000'),
('8','Gapura (manusia/motor)','8','0','3000000'),
('8','Gerbang (mobil)','8','0','4000000'),
('9','Jalan','8','0','300000'),
('9','Lapangan Upacara','8','0','75000'),
('9','Lapangan Olah Raga Terbuka','8','0','75000'),
('9','Areal Parkir','8','0','75000'),
('10','Jembatan','8','0','3000000'),
('10','Box Culvert','8','0','1750000'),
('10','Plat Deuker','8','0','750000'),
('10','Gorong-gorong','8','0','600000'),
('11','Kolam Renang','8','0','350000'),
('11','Kolam Pengolahan Air','8','0','200000'),
('11','Reservoir Bawah Tanah','8','0','400000'),
('12','Menara Antena','8','0','800000'),
('12','Menara Air','8','0','500000'),
('12','Cerobong','8','0','350000'),
('13','Tugu','8','0','650000'),
('13','Patung','8','0','950000'),
('14','Gardu Listrik','8','0','950000'),
('14','Gardu Telepon','8','0','850000'),
('14','Instalasi Pengolahan','8','0','950000'),
('15','Billboard','8','0','650000'),
('15','Papan Iklan','8','0','400000'),
('15','Papan Nama (Berdiri sendiri atau berupa tembok pagar)','8','0','450000');

/*!40101 SET SQL_MODE=@OLD_SQL_MODE */;
/*!40014 SET FOREIGN_KEY_CHECKS=@OLD_FOREIGN_KEY_CHECKS */;
/*!40014 SET UNIQUE_CHECKS=@OLD_UNIQUE_CHECKS */;
/*!40111 SET SQL_NOTES=@OLD_SQL_NOTES */;
